Selection.Replace What:="Jelena* Eri*", Replacement:="Jelena Eri (Srb) Ale Cipollini", LookAt:=xlWhole, SearchOrder:=xlByRows, MatchCase:=False
Selection.Replace What:="Giorgia* Bariani*", Replacement:="Giorgia Bariani (Ita) Ale Cipollini", LookAt:=xlWhole, SearchOrder:=xlByRows, MatchCase:=False
Selection.Replace What:="Chloe* Hosking*", Replacement:="Chloe Hosking (Aus) Ale Cipollini", LookAt:=xlWhole, SearchOrder:=xlByRows, MatchCase:=False
Selection.Replace What:="Romy* Kasper*", Replacement:="Romy Kasper (Ger) Ale Cipollini", LookAt:=xlWhole, SearchOrder:=xlByRows, MatchCase:=False
Selection.Replace What:="Ahreum* Na*", Replacement:="Ahreum Na (Kor) Ale Cipollini", LookAt:=xlWhole, SearchOrder:=xlByRows, MatchCase:=False
Selection.Replace What:="Soraya* Paladin*", Replacement:="Soraya Paladin (Ita) Ale Cipollini", LookAt:=xlWhole, SearchOrder:=xlByRows, MatchCase:=False
Selection.Replace What:="Diana* Pe?uela*", Replacement:="Diana Carolina Peñuela Martinez (Col) Ale Cipollini", LookAt:=xlWhole, SearchOrder:=xlByRows, MatchCase:=False
Selection.Replace What:="Nadia* Quagliotto*", Replacement:="Nadia Quagliotto (Ita) Ale Cipollini", LookAt:=xlWhole, SearchOrder:=xlByRows, MatchCase:=False
Selection.Replace What:="Jessica* Raimondi*", Replacement:="Jessica Raimondi (Ita) Ale Cipollini", LookAt:=xlWhole, SearchOrder:=xlByRows, MatchCase:=False
Selection.Replace What:="Karlijn* Swinkels*", Replacement:="Karlijn Swinkels (Ned) Ale Cipollini", LookAt:=xlWhole, SearchOrder:=xlByRows, MatchCase:=False
Selection.Replace What:="Anna* Trevisi*", Replacement:="Anna Trevisi (Ita) Ale Cipollini", LookAt:=xlWhole, SearchOrder:=xlByRows, MatchCase:=False
Selection.Replace What:="Maria* van 'T Geloof*", Replacement:="Maria Apolonia van 'T Geloof (Ned) Ale Cipollini", LookAt:=xlWhole, SearchOrder:=xlByRows, MatchCase:=False
Selection.Replace What:="Eri* Yonamine*", Replacement:="Eri Yonamine (Jpn) Ale Cipollini", LookAt:=xlWhole, SearchOrder:=xlByRows, MatchCase:=False
Selection.Replace What:="Olga* Shekel*", Replacement:="Olga Shekel (Ukr) Astana Women's Team", LookAt:=xlWhole, SearchOrder:=xlByRows, MatchCase:=False
Selection.Replace What:="Marie* Blais*", Replacement:="Marie Soleil Blais (Can) Astana Women's Team", LookAt:=xlWhole, SearchOrder:=xlByRows, MatchCase:=False
Selection.Replace What:="Amiliya* Iskakova*", Replacement:="Amiliya Iskakova (Kaz) Astana Women's Team", LookAt:=xlWhole, SearchOrder:=xlByRows, MatchCase:=False
Selection.Replace What:="Marina* Kurnossova*", Replacement:="Marina Kurnossova (Kaz) Astana Women's Team", LookAt:=xlWhole, SearchOrder:=xlByRows, MatchCase:=False
Selection.Replace What:="Blanca* Moreno*", Replacement:="Blanca Liliana Moreno Canchon (Col) Astana Women's Team", LookAt:=xlWhole, SearchOrder:=xlByRows, MatchCase:=False
Selection.Replace What:="Svetlana* Pachshenko*", Replacement:="Svetlana Pachshenko (Kaz) Astana Women's Team", LookAt:=xlWhole, SearchOrder:=xlByRows, MatchCase:=False
Selection.Replace What:="Elena* Pirrone*", Replacement:="Elena Pirrone (Ita) Astana Women's Team", LookAt:=xlWhole, SearchOrder:=xlByRows, MatchCase:=False
Selection.Replace What:="Faina* Potapova*", Replacement:="Faina Potapova (Kaz) Astana Women's Team", LookAt:=xlWhole, SearchOrder:=xlByRows, MatchCase:=False
Selection.Replace What:="Jeydy* Pradera*", Replacement:="Jeydy Pradera Bernal (Cub) Astana Women's Team", LookAt:=xlWhole, SearchOrder:=xlByRows, MatchCase:=False
Selection.Replace What:="Carolina* Rodriguez*", Replacement:="Carolina Rodriguez Gutierrez (Mex) Astana Women's Team", LookAt:=xlWhole, SearchOrder:=xlByRows, MatchCase:=False
Selection.Replace What:="Natalya* Saifutdinova*", Replacement:="Natalya Saifutdinova (Kaz) Astana Women's Team", LookAt:=xlWhole, SearchOrder:=xlByRows, MatchCase:=False
Selection.Replace What:="Lizbeth* Salazar*", Replacement:="Lizbeth Yareli Salazar Vazquez (Mex) Astana Women's Team", LookAt:=xlWhole, SearchOrder:=xlByRows, MatchCase:=False
Selection.Replace What:="Arlenis* Sierra*", Replacement:="Arlenis Sierra (Cub) Astana Women's Team", LookAt:=xlWhole, SearchOrder:=xlByRows, MatchCase:=False
Selection.Replace What:="Makhabbat* Umutzhanova*", Replacement:="Makhabbat Umutzhanova (Kaz) Astana Women's Team", LookAt:=xlWhole, SearchOrder:=xlByRows, MatchCase:=False
Selection.Replace What:="Sandra* Alonso*", Replacement:="Sandra Alonso Dominguez (Spa) Bizkaia-Durango", LookAt:=xlWhole, SearchOrder:=xlByRows, MatchCase:=False
Selection.Replace What:="Nicole* D'Agostin*", Replacement:="Nicole D'Agostin (Ita) Bizkaia-Durango", LookAt:=xlWhole, SearchOrder:=xlByRows, MatchCase:=False
Selection.Replace What:="Ainara* Elbusto*", Replacement:="Ainara Elbusto Arteaga (Spa) Bizkaia-Durango", LookAt:=xlWhole, SearchOrder:=xlByRows, MatchCase:=False
Selection.Replace What:="Ariana* Gilabert*", Replacement:="Ariana Gilabert Vilaplana (Spa) Bizkaia-Durango", LookAt:=xlWhole, SearchOrder:=xlByRows, MatchCase:=False
Selection.Replace What:="Lucia* Gonzalez*", Replacement:="Lucia Gonzalez Blanco (Spa) Bizkaia-Durango", LookAt:=xlWhole, SearchOrder:=xlByRows, MatchCase:=False
Selection.Replace What:="Aroa* Gorostiza*", Replacement:="Aroa Gorostiza Ulloa (Spa) Bizkaia-Durango", LookAt:=xlWhole, SearchOrder:=xlByRows, MatchCase:=False
Selection.Replace What:="Natalie* Grinczer*", Replacement:="Natalie Grinczer (GBr) Bizkaia-Durango", LookAt:=xlWhole, SearchOrder:=xlByRows, MatchCase:=False
Selection.Replace What:="Luisa* Ibarrola*", Replacement:="Luisa Ibarrola Albizua (Spa) Bizkaia-Durango", LookAt:=xlWhole, SearchOrder:=xlByRows, MatchCase:=False
Selection.Replace What:="Enara* Lopez*", Replacement:="Enara Lopez Gallastegi (Spa) Bizkaia-Durango", LookAt:=xlWhole, SearchOrder:=xlByRows, MatchCase:=False
Selection.Replace What:="Isabel* Martin*", Replacement:="Isabel Martin Martin (Spa) Bizkaia-Durango", LookAt:=xlWhole, SearchOrder:=xlByRows, MatchCase:=False
Selection.Replace What:="Cristina* Martinez*", Replacement:="Cristina Martinez Bonafe (Spa) Bizkaia-Durango", LookAt:=xlWhole, SearchOrder:=xlByRows, MatchCase:=False
Selection.Replace What:="Doris* Schweizer*", Replacement:="Doris Schweizer (Swi) Bizkaia-Durango", LookAt:=xlWhole, SearchOrder:=xlByRows, MatchCase:=False
Selection.Replace What:="Miho* Yoshikawa*", Replacement:="Miho Yoshikawa (Jpn) Bizkaia-Durango", LookAt:=xlWhole, SearchOrder:=xlByRows, MatchCase:=False
Selection.Replace What:="Nikola* Noskova*", Replacement:="Nikola Noskova (Cze) Bigla Pro Cycling Team", LookAt:=xlWhole, SearchOrder:=xlByRows, MatchCase:=False
Selection.Replace What:="Martina* Alzini*", Replacement:="Martina Alzini (Ita) Bigla Pro Cycling Team", LookAt:=xlWhole, SearchOrder:=xlByRows, MatchCase:=False
Selection.Replace What:="Elizabeth* Banks*", Replacement:="Elizabeth Banks (GBr) Bigla Pro Cycling Team", LookAt:=xlWhole, SearchOrder:=xlByRows, MatchCase:=False
Selection.Replace What:="Elise* Chabbey*", Replacement:="Elise Chabbey (Swi) Bigla Pro Cycling Team", LookAt:=xlWhole, SearchOrder:=xlByRows, MatchCase:=False
Selection.Replace What:="Nicole* Hanselmann*", Replacement:="Nicole Hanselmann (Swi) Bigla Pro Cycling Team", LookAt:=xlWhole, SearchOrder:=xlByRows, MatchCase:=False
Selection.Replace What:="Mikayla* Harvey*", Replacement:="Mikayla Harvey (NZl) Bigla Pro Cycling Team", LookAt:=xlWhole, SearchOrder:=xlByRows, MatchCase:=False
Selection.Replace What:="Emma* J?rgensen*", Replacement:="Emma Cecilie Norsgaard Jørgensen (Den) Bigla Pro Cycling Team", LookAt:=xlWhole, SearchOrder:=xlByRows, MatchCase:=False
Selection.Replace What:="Julie* Leth*", Replacement:="Julie Leth (Den) Bigla Pro Cycling Team", LookAt:=xlWhole, SearchOrder:=xlByRows, MatchCase:=False
Selection.Replace What:="Cecilie Uttrup* Ludwig*", Replacement:="Cecilie Uttrup Ludwig (Den) Bigla Pro Cycling Team", LookAt:=xlWhole, SearchOrder:=xlByRows, MatchCase:=False
Selection.Replace What:="Maria* Sperotto*", Replacement:="Maria Vittoria Sperotto (Ita) Bigla Pro Cycling Team", LookAt:=xlWhole, SearchOrder:=xlByRows, MatchCase:=False
Selection.Replace What:="Leah* Thomas*", Replacement:="Leah Thomas (USA) Bigla Pro Cycling Team", LookAt:=xlWhole, SearchOrder:=xlByRows, MatchCase:=False
Selection.Replace What:="Sophie* Wright*", Replacement:="Sophie Wright (GBr) Bigla Pro Cycling Team", LookAt:=xlWhole, SearchOrder:=xlByRows, MatchCase:=False
Selection.Replace What:="Marissa* Baks*", Replacement:="Marissa Baks (Ned) Biehler Pro Cycling", LookAt:=xlWhole, SearchOrder:=xlByRows, MatchCase:=False
Selection.Replace What:="Teuntje* Beekhuis*", Replacement:="Teuntje Beekhuis (Ned) Biehler Pro Cycling", LookAt:=xlWhole, SearchOrder:=xlByRows, MatchCase:=False
Selection.Replace What:="Henrietta* Colborne*", Replacement:="Henrietta Colborne (GBr) Biehler Pro Cycling", LookAt:=xlWhole, SearchOrder:=xlByRows, MatchCase:=False
Selection.Replace What:="Merel* Hofman*", Replacement:="Merel Hofman (Ned) Biehler Pro Cycling", LookAt:=xlWhole, SearchOrder:=xlByRows, MatchCase:=False
Selection.Replace What:="Roos* Hoogeboom*", Replacement:="Roos Hoogeboom (Ned) Biehler Pro Cycling", LookAt:=xlWhole, SearchOrder:=xlByRows, MatchCase:=False
Selection.Replace What:="Melanie* Klement*", Replacement:="Melanie Klement (Ned) Biehler Pro Cycling", LookAt:=xlWhole, SearchOrder:=xlByRows, MatchCase:=False
Selection.Replace What:="Quinty* Ton*", Replacement:="Quinty Ton (Ned) Biehler Pro Cycling", LookAt:=xlWhole, SearchOrder:=xlByRows, MatchCase:=False
Selection.Replace What:="Natalie* van Gogh*", Replacement:="Natalie van Gogh (Ned) Biehler Pro Cycling", LookAt:=xlWhole, SearchOrder:=xlByRows, MatchCase:=False
Selection.Replace What:="Nienke* Wasmus*", Replacement:="Nienke Wasmus (Ned) Biehler Pro Cycling", LookAt:=xlWhole, SearchOrder:=xlByRows, MatchCase:=False
Selection.Replace What:="Tereza* Medvedova*", Replacement:="Tereza Medvedova (Svk) BePink", LookAt:=xlWhole, SearchOrder:=xlByRows, MatchCase:=False
Selection.Replace What:="Rachele* Barbieri*", Replacement:="Rachele Barbieri (Ita) BePink", LookAt:=xlWhole, SearchOrder:=xlByRows, MatchCase:=False
Selection.Replace What:="Vania* Canvelli*", Replacement:="Vania Canvelli (Ita) BePink", LookAt:=xlWhole, SearchOrder:=xlByRows, MatchCase:=False
Selection.Replace What:="Tatiana* Guderzo*", Replacement:="Tatiana Guderzo (Ita) BePink", LookAt:=xlWhole, SearchOrder:=xlByRows, MatchCase:=False
Selection.Replace What:="Silvia* Magri*", Replacement:="Silvia Magri (Ita) BePink", LookAt:=xlWhole, SearchOrder:=xlByRows, MatchCase:=False
Selection.Replace What:="Francesca* Pattaro*", Replacement:="Francesca Pattaro (Ita) BePink", LookAt:=xlWhole, SearchOrder:=xlByRows, MatchCase:=False
Selection.Replace What:="Chiara* Perini*", Replacement:="Chiara Perini (Ita) BePink", LookAt:=xlWhole, SearchOrder:=xlByRows, MatchCase:=False
Selection.Replace What:="Katia* Ragusa*", Replacement:="Katia Ragusa (Ita) BePink", LookAt:=xlWhole, SearchOrder:=xlByRows, MatchCase:=False
Selection.Replace What:="Gloria* Scarsi*", Replacement:="Gloria Scarsi (Ita) BePink", LookAt:=xlWhole, SearchOrder:=xlByRows, MatchCase:=False
Selection.Replace What:="Nicole* Steigenga*", Replacement:="Nicole Steigenga (Ned) BePink", LookAt:=xlWhole, SearchOrder:=xlByRows, MatchCase:=False
Selection.Replace What:="Silvia* Valsecchi*", Replacement:="Silvia Valsecchi (Ita) BePink", LookAt:=xlWhole, SearchOrder:=xlByRows, MatchCase:=False
Selection.Replace What:="Silvia* Zanardi*", Replacement:="Silvia Zanardi (Ita) BePink", LookAt:=xlWhole, SearchOrder:=xlByRows, MatchCase:=False
Selection.Replace What:="Mia* Radotic*", Replacement:="Mia Radotic (Cro) Btc City Ljubljana", LookAt:=xlWhole, SearchOrder:=xlByRows, MatchCase:=False
Selection.Replace What:="Urska* Bravec*", Replacement:="Urska Bravec (Slo) Btc City Ljubljana", LookAt:=xlWhole, SearchOrder:=xlByRows, MatchCase:=False
Selection.Replace What:="Eugenia* Bujak*", Replacement:="Eugenia Bujak (Slo) Btc City Ljubljana", LookAt:=xlWhole, SearchOrder:=xlByRows, MatchCase:=False
Selection.Replace What:="Anja* Longyka*", Replacement:="Anja Longyka (Slo) Btc City Ljubljana", LookAt:=xlWhole, SearchOrder:=xlByRows, MatchCase:=False
Selection.Replace What:="Urska* Pintar*", Replacement:="Urska Pintar (Slo) Btc City Ljubljana", LookAt:=xlWhole, SearchOrder:=xlByRows, MatchCase:=False
Selection.Replace What:="Maja* Savic*", Replacement:="Maja Savic (Srb) Btc City Ljubljana", LookAt:=xlWhole, SearchOrder:=xlByRows, MatchCase:=False
Selection.Replace What:="Urska* ?igart*", Replacement:="Urska Žigart (Slo) Btc City Ljubljana", LookAt:=xlWhole, SearchOrder:=xlByRows, MatchCase:=False
Selection.Replace What:="Maaike* Boogaard*", Replacement:="Maaike Boogaard (Ned) Btc City Ljubljana", LookAt:=xlWhole, SearchOrder:=xlByRows, MatchCase:=False
Selection.Replace What:="Anastasiia* Chursina*", Replacement:="Anastasiia Chursina (Rus) Btc City Ljubljana", LookAt:=xlWhole, SearchOrder:=xlByRows, MatchCase:=False
Selection.Replace What:="Hanna* Nilsson*", Replacement:="Hanna Nilsson (Swe) Btc City Ljubljana", LookAt:=xlWhole, SearchOrder:=xlByRows, MatchCase:=False
Selection.Replace What:="Rossella* Ratto*", Replacement:="Rossella Ratto (Ita) Btc City Ljubljana", LookAt:=xlWhole, SearchOrder:=xlByRows, MatchCase:=False
Selection.Replace What:="Hayley* Simmonds*", Replacement:="Hayley Simmonds (GBr) Btc City Ljubljana", LookAt:=xlWhole, SearchOrder:=xlByRows, MatchCase:=False
Selection.Replace What:="Monique* van de Ree*", Replacement:="Monique van de Ree (Ned) Btc City Ljubljana", LookAt:=xlWhole, SearchOrder:=xlByRows, MatchCase:=False
Selection.Replace What:="Valerie* Demey*", Replacement:="Valerie Demey (Bel) CCC-Liv", LookAt:=xlWhole, SearchOrder:=xlByRows, MatchCase:=False
Selection.Replace What:="Jeanne* Korevaar*", Replacement:="Jeanne Korevaar (Ned) CCC-Liv", LookAt:=xlWhole, SearchOrder:=xlByRows, MatchCase:=False
Selection.Replace What:="Evy* Kuijpers*", Replacement:="Evy Kuijpers (Ned) CCC-Liv", LookAt:=xlWhole, SearchOrder:=xlByRows, MatchCase:=False
Selection.Replace What:="Marta* Lach*", Replacement:="Marta Lach (Pol) CCC-Liv", LookAt:=xlWhole, SearchOrder:=xlByRows, MatchCase:=False
Selection.Replace What:="Riejanne* Markus*", Replacement:="Riejanne Markus (Ned) CCC-Liv", LookAt:=xlWhole, SearchOrder:=xlByRows, MatchCase:=False
Selection.Replace What:="Ashleigh* Moolman?Pasio*", Replacement:="Ashleigh Moolman-Pasio (RSA) CCC-Liv", LookAt:=xlWhole, SearchOrder:=xlByRows, MatchCase:=False
Selection.Replace What:="Paulien* Rooijakkers*", Replacement:="Paulien Rooijakkers (Ned) CCC-Liv", LookAt:=xlWhole, SearchOrder:=xlByRows, MatchCase:=False
Selection.Replace What:="Agnieszka* Skalniak*", Replacement:="Agnieszka Skalniak (Pol) CCC-Liv", LookAt:=xlWhole, SearchOrder:=xlByRows, MatchCase:=False
Selection.Replace What:="Sabrina* Stultiens*", Replacement:="Sabrina Stultiens (Ned) CCC-Liv", LookAt:=xlWhole, SearchOrder:=xlByRows, MatchCase:=False
Selection.Replace What:="Inge* van der Heijden*", Replacement:="Inge van der Heijden (Ned) CCC-Liv", LookAt:=xlWhole, SearchOrder:=xlByRows, MatchCase:=False
Selection.Replace What:="Marianne* Vos*", Replacement:="Marianne Vos (Ned) CCC-Liv", LookAt:=xlWhole, SearchOrder:=xlByRows, MatchCase:=False
Selection.Replace What:="Evgenia* Augustinas*", Replacement:="Evgenia Augustinas (Rus) Cogeas Mettler Look", LookAt:=xlWhole, SearchOrder:=xlByRows, MatchCase:=False
Selection.Replace What:="Gulnaz* Badykova*", Replacement:="Gulnaz Badykova (Rus) Cogeas Mettler Look", LookAt:=xlWhole, SearchOrder:=xlByRows, MatchCase:=False
Selection.Replace What:="Renata* Baymetova*", Replacement:="Renata Baymetova (Uzb) Cogeas Mettler Look", LookAt:=xlWhole, SearchOrder:=xlByRows, MatchCase:=False
Selection.Replace What:="Antri* Christoforou*", Replacement:="Antri Christoforou (Cyp) Cogeas Mettler Look", LookAt:=xlWhole, SearchOrder:=xlByRows, MatchCase:=False
Selection.Replace What:="Olga* Deyko*", Replacement:="Olga Deyko (Rus) Cogeas Mettler Look", LookAt:=xlWhole, SearchOrder:=xlByRows, MatchCase:=False
Selection.Replace What:="Karina* Kasenova*", Replacement:="Karina Kasenova (Rus) Cogeas Mettler Look", LookAt:=xlWhole, SearchOrder:=xlByRows, MatchCase:=False
Selection.Replace What:="Alina* Khakimova*", Replacement:="Alina Khakimova (Uzb) Cogeas Mettler Look", LookAt:=xlWhole, SearchOrder:=xlByRows, MatchCase:=False
Selection.Replace What:="Ekaterina* Knebeleva*", Replacement:="Ekaterina Knebeleva (Uzb) Cogeas Mettler Look", LookAt:=xlWhole, SearchOrder:=xlByRows, MatchCase:=False
Selection.Replace What:="Amber* Neben*", Replacement:="Amber Leone Neben (USA) Cogeas Mettler Look", LookAt:=xlWhole, SearchOrder:=xlByRows, MatchCase:=False
Selection.Replace What:="Maria* Novolodskaya*", Replacement:="Maria Novolodskaya (Rus) Cogeas Mettler Look", LookAt:=xlWhole, SearchOrder:=xlByRows, MatchCase:=False
Selection.Replace What:="Elizaveta* Oshurkova*", Replacement:="Elizaveta Oshurkova (Rus) Cogeas Mettler Look", LookAt:=xlWhole, SearchOrder:=xlByRows, MatchCase:=False
Selection.Replace What:="Edwige* Pitel*", Replacement:="Edwige Pitel (Fra) Cogeas Mettler Look", LookAt:=xlWhole, SearchOrder:=xlByRows, MatchCase:=False
Selection.Replace What:="Anastasiia* Pliaskina*", Replacement:="Anastasiia Pliaskina (Rus) Cogeas Mettler Look", LookAt:=xlWhole, SearchOrder:=xlByRows, MatchCase:=False
Selection.Replace What:="Sari* Saarelainen*", Replacement:="Sari Saarelainen (Fin) Cogeas Mettler Look", LookAt:=xlWhole, SearchOrder:=xlByRows, MatchCase:=False
Selection.Replace What:="Olga* Zabelinskaya*", Replacement:="Olga Zabelinskaya (Uzb) Cogeas Mettler Look", LookAt:=xlWhole, SearchOrder:=xlByRows, MatchCase:=False
Selection.Replace What:="Noemie* Abgrall*", Replacement:="Noemie Abgrall (Fra) Charente-Maritime Women", LookAt:=xlWhole, SearchOrder:=xlByRows, MatchCase:=False
Selection.Replace What:="Pauline* Allin*", Replacement:="Pauline Allin (Fra) Charente-Maritime Women", LookAt:=xlWhole, SearchOrder:=xlByRows, MatchCase:=False
Selection.Replace What:="India* Grangier*", Replacement:="India Grangier (Fra) Charente-Maritime Women", LookAt:=xlWhole, SearchOrder:=xlByRows, MatchCase:=False
Selection.Replace What:="Lucie* Lahaye*", Replacement:="Lucie Lahaye (Fra) Charente-Maritime Women", LookAt:=xlWhole, SearchOrder:=xlByRows, MatchCase:=False
Selection.Replace What:="Manon* Minaud*", Replacement:="Manon Minaud (Fra) Charente-Maritime Women", LookAt:=xlWhole, SearchOrder:=xlByRows, MatchCase:=False
Selection.Replace What:="Ana?s* Morichon*", Replacement:="Anaïs Morichon (Fra) Charente-Maritime Women", LookAt:=xlWhole, SearchOrder:=xlByRows, MatchCase:=False
Selection.Replace What:="Marine* Quiniou*", Replacement:="Marine Quiniou (Fra) Charente-Maritime Women", LookAt:=xlWhole, SearchOrder:=xlByRows, MatchCase:=False
Selection.Replace What:="Iris* Sachet*", Replacement:="Iris Sachet (Fra) Charente-Maritime Women", LookAt:=xlWhole, SearchOrder:=xlByRows, MatchCase:=False
Selection.Replace What:="Gladys* Verhulst*", Replacement:="Gladys Verhulst (Fra) Charente-Maritime Women", LookAt:=xlWhole, SearchOrder:=xlByRows, MatchCase:=False
Selection.Replace What:="Alena* Amialiusik*", Replacement:="Alena Amialiusik (Blr) Canyon-SRAM", LookAt:=xlWhole, SearchOrder:=xlByRows, MatchCase:=False
Selection.Replace What:="Alice* Barnes*", Replacement:="Alice Barnes (GBr) Canyon-SRAM", LookAt:=xlWhole, SearchOrder:=xlByRows, MatchCase:=False
Selection.Replace What:="Hannah* Barnes*", Replacement:="Hannah Barnes (GBr) Canyon-SRAM", LookAt:=xlWhole, SearchOrder:=xlByRows, MatchCase:=False
Selection.Replace What:="Elena* Cecchini*", Replacement:="Elena Cecchini (Ita) Canyon-SRAM", LookAt:=xlWhole, SearchOrder:=xlByRows, MatchCase:=False
Selection.Replace What:="Tiffany* Cromwell*", Replacement:="Tiffany Cromwell (Aus) Canyon-SRAM", LookAt:=xlWhole, SearchOrder:=xlByRows, MatchCase:=False
Selection.Replace What:="Tanja* Erath*", Replacement:="Tanja Erath (Ger) Canyon-SRAM", LookAt:=xlWhole, SearchOrder:=xlByRows, MatchCase:=False
Selection.Replace What:="Pauline* Ferrand Prevot*", Replacement:="Pauline Ferrand Prevot (Fra) Canyon-SRAM", LookAt:=xlWhole, SearchOrder:=xlByRows, MatchCase:=False
Selection.Replace What:="Lisa* Klein*", Replacement:="Lisa Klein (Ger) Canyon-SRAM", LookAt:=xlWhole, SearchOrder:=xlByRows, MatchCase:=False
Selection.Replace What:="Hannah* Ludwig*", Replacement:="Hannah Ludwig (Ger) Canyon-SRAM", LookAt:=xlWhole, SearchOrder:=xlByRows, MatchCase:=False
Selection.Replace What:="Katarzyna* Niewiadoma*", Replacement:="Katarzyna Niewiadoma (Pol) Canyon-SRAM", LookAt:=xlWhole, SearchOrder:=xlByRows, MatchCase:=False
Selection.Replace What:="Christa* Riffel*", Replacement:="Christa Riffel (Ger) Canyon-SRAM", LookAt:=xlWhole, SearchOrder:=xlByRows, MatchCase:=False
Selection.Replace What:="Alexis* Ryan*", Replacement:="Alexis Ryan (USA) Canyon-SRAM", LookAt:=xlWhole, SearchOrder:=xlByRows, MatchCase:=False
Selection.Replace What:="Lisa* Allkokondi*", Replacement:="Lisa Allkokondi (Alb) Conceria Zabri-Fanini", LookAt:=xlWhole, SearchOrder:=xlByRows, MatchCase:=False
Selection.Replace What:="Francesca* Balducci*", Replacement:="Francesca Balducci (Ita) Conceria Zabri-Fanini", LookAt:=xlWhole, SearchOrder:=xlByRows, MatchCase:=False
Selection.Replace What:="Simona* Bortolotti*", Replacement:="Simona Bortolotti (Ita) Conceria Zabri-Fanini", LookAt:=xlWhole, SearchOrder:=xlByRows, MatchCase:=False
Selection.Replace What:="Sofia* Cilenti*", Replacement:="Sofia Cilenti (Ita) Conceria Zabri-Fanini", LookAt:=xlWhole, SearchOrder:=xlByRows, MatchCase:=False
Selection.Replace What:="Lisa* De Ranieri*", Replacement:="Lisa De Ranieri (Ita) Conceria Zabri-Fanini", LookAt:=xlWhole, SearchOrder:=xlByRows, MatchCase:=False
Selection.Replace What:="Keti* Fetishi*", Replacement:="Keti Fetishi (Alb) Conceria Zabri-Fanini", LookAt:=xlWhole, SearchOrder:=xlByRows, MatchCase:=False
Selection.Replace What:="Leonora* Geppi*", Replacement:="Leonora Geppi (Ita) Conceria Zabri-Fanini", LookAt:=xlWhole, SearchOrder:=xlByRows, MatchCase:=False
Selection.Replace What:="Joli* Karafili*", Replacement:="Joli Karafili (Alb) Conceria Zabri-Fanini", LookAt:=xlWhole, SearchOrder:=xlByRows, MatchCase:=False
Selection.Replace What:="Xhorxhia* Kristollari*", Replacement:="Xhorxhia Kristollari (Alb) Conceria Zabri-Fanini", LookAt:=xlWhole, SearchOrder:=xlByRows, MatchCase:=False
Selection.Replace What:="Xhejna* Metalja*", Replacement:="Xhejna Metalja (Alb) Conceria Zabri-Fanini", LookAt:=xlWhole, SearchOrder:=xlByRows, MatchCase:=False
Selection.Replace What:="Claudia* Meucci*", Replacement:="Claudia Meucci (Ita) Conceria Zabri-Fanini", LookAt:=xlWhole, SearchOrder:=xlByRows, MatchCase:=False
Selection.Replace What:="Loreta* Pirro*", Replacement:="Loreta Pirro (Alb) Conceria Zabri-Fanini", LookAt:=xlWhole, SearchOrder:=xlByRows, MatchCase:=False
Selection.Replace What:="Jona* Rizvanolli*", Replacement:="Jona Rizvanolli (Alb) Conceria Zabri-Fanini", LookAt:=xlWhole, SearchOrder:=xlByRows, MatchCase:=False
Selection.Replace What:="Elona* Rusta*", Replacement:="Elona Rusta (Alb) Conceria Zabri-Fanini", LookAt:=xlWhole, SearchOrder:=xlByRows, MatchCase:=False
Selection.Replace What:="Basei* Salton*", Replacement:="Basei Marzia Salton (Ita) Conceria Zabri-Fanini", LookAt:=xlWhole, SearchOrder:=xlByRows, MatchCase:=False
Selection.Replace What:="Chantal* Blaak*", Replacement:="Chantal Blaak (Ned) Boels Dolmans Cyclingteam", LookAt:=xlWhole, SearchOrder:=xlByRows, MatchCase:=False
Selection.Replace What:="Eva* Buurman*", Replacement:="Eva Buurman (Ned) Boels Dolmans Cyclingteam", LookAt:=xlWhole, SearchOrder:=xlByRows, MatchCase:=False
Selection.Replace What:="Karol?Ann* Canuel*", Replacement:="Karol-Ann Canuel (Can) Boels Dolmans Cyclingteam", LookAt:=xlWhole, SearchOrder:=xlByRows, MatchCase:=False
Selection.Replace What:="Jolien* D`Hoore*", Replacement:="Jolien D`Hoore (Bel) Boels Dolmans Cyclingteam", LookAt:=xlWhole, SearchOrder:=xlByRows, MatchCase:=False
Selection.Replace What:="Amalie* Dideriksen*", Replacement:="Amalie Dideriksen (Den) Boels Dolmans Cyclingteam", LookAt:=xlWhole, SearchOrder:=xlByRows, MatchCase:=False
Selection.Replace What:="Katharine* Hall*", Replacement:="Katharine Hall (USA) Boels Dolmans Cyclingteam", LookAt:=xlWhole, SearchOrder:=xlByRows, MatchCase:=False
Selection.Replace What:="Annika* Langvad*", Replacement:="Annika Langvad (Den) Boels Dolmans Cyclingteam", LookAt:=xlWhole, SearchOrder:=xlByRows, MatchCase:=False
Selection.Replace What:="Christine* Majerus*", Replacement:="Christine Majerus (Lux) Boels Dolmans Cyclingteam", LookAt:=xlWhole, SearchOrder:=xlByRows, MatchCase:=False
Selection.Replace What:="Amy* Pieters*", Replacement:="Amy Pieters (Ned) Boels Dolmans Cyclingteam", LookAt:=xlWhole, SearchOrder:=xlByRows, MatchCase:=False
Selection.Replace What:="Skylar* Schneider*", Replacement:="Skylar Schneider (USA) Boels Dolmans Cyclingteam", LookAt:=xlWhole, SearchOrder:=xlByRows, MatchCase:=False
Selection.Replace What:="Jip* van den Bos*", Replacement:="Jip van den Bos (Ned) Boels Dolmans Cyclingteam", LookAt:=xlWhole, SearchOrder:=xlByRows, MatchCase:=False
Selection.Replace What:="Anna* van der Breggen*", Replacement:="Anna van der Breggen (Ned) Boels Dolmans Cyclingteam", LookAt:=xlWhole, SearchOrder:=xlByRows, MatchCase:=False
Selection.Replace What:="Grace* Anderson*", Replacement:="Grace Anderson (NZl) Drops", LookAt:=xlWhole, SearchOrder:=xlByRows, MatchCase:=False
Selection.Replace What:="Elinor* Barker*", Replacement:="Elinor Barker (GBr) Drops", LookAt:=xlWhole, SearchOrder:=xlByRows, MatchCase:=False
Selection.Replace What:="Megan* Barker*", Replacement:="Megan Barker (GBr) Drops", LookAt:=xlWhole, SearchOrder:=xlByRows, MatchCase:=False
Selection.Replace What:="Anna* Christian*", Replacement:="Anna Christian (GBr) Drops", LookAt:=xlWhole, SearchOrder:=xlByRows, MatchCase:=False
Selection.Replace What:="Eleanor* Dickinson*", Replacement:="Eleanor Dickinson (GBr) Drops", LookAt:=xlWhole, SearchOrder:=xlByRows, MatchCase:=False
Selection.Replace What:="Elizabeth* Holden*", Replacement:="Elizabeth Holden (GBr) Drops", LookAt:=xlWhole, SearchOrder:=xlByRows, MatchCase:=False
Selection.Replace What:="Manon* Lloyd*", Replacement:="Manon Lloyd (GBr) Drops", LookAt:=xlWhole, SearchOrder:=xlByRows, MatchCase:=False
Selection.Replace What:="Abby?Mae* Parkinson*", Replacement:="Abby-Mae Parkinson (GBr) Drops", LookAt:=xlWhole, SearchOrder:=xlByRows, MatchCase:=False
Selection.Replace What:="Hannah* Payton*", Replacement:="Hannah Payton (GBr) Drops", LookAt:=xlWhole, SearchOrder:=xlByRows, MatchCase:=False
Selection.Replace What:="Lucy* Shaw*", Replacement:="Lucy Shaw (GBr) Drops", LookAt:=xlWhole, SearchOrder:=xlByRows, MatchCase:=False
Selection.Replace What:="Tetiana* Riabchenko*", Replacement:="Tetiana Riabchenko (Ukr) Doltcini-Van Eyck Sport", LookAt:=xlWhole, SearchOrder:=xlByRows, MatchCase:=False
Selection.Replace What:="Daniela* Alexandre*", Replacement:="Daniela Da Conceição Alexandre Reis (Por) Doltcini-Van Eyck Sport", LookAt:=xlWhole, SearchOrder:=xlByRows, MatchCase:=False
Selection.Replace What:="Victoire* Berteau*", Replacement:="Victoire Berteau (Fra) Doltcini-Van Eyck Sport", LookAt:=xlWhole, SearchOrder:=xlByRows, MatchCase:=False
Selection.Replace What:="Kim* De Baat*", Replacement:="Kim De Baat (Bel) Doltcini-Van Eyck Sport", LookAt:=xlWhole, SearchOrder:=xlByRows, MatchCase:=False
Selection.Replace What:="Mieke* Docx*", Replacement:="Mieke Docx (Bel) Doltcini-Van Eyck Sport", LookAt:=xlWhole, SearchOrder:=xlByRows, MatchCase:=False
Selection.Replace What:="Demmy* Druyts*", Replacement:="Demmy Druyts (Bel) Doltcini-Van Eyck Sport", LookAt:=xlWhole, SearchOrder:=xlByRows, MatchCase:=False
Selection.Replace What:="Kelly* Druyts*", Replacement:="Kelly Druyts (Bel) Doltcini-Van Eyck Sport", LookAt:=xlWhole, SearchOrder:=xlByRows, MatchCase:=False
Selection.Replace What:="Lenny* Druyts*", Replacement:="Lenny Druyts (Bel) Doltcini-Van Eyck Sport", LookAt:=xlWhole, SearchOrder:=xlByRows, MatchCase:=False
Selection.Replace What:="Severine* Eraud*", Replacement:="Severine Eraud (Fra) Doltcini-Van Eyck Sport", LookAt:=xlWhole, SearchOrder:=xlByRows, MatchCase:=False
Selection.Replace What:="Pascale* Jeuland*", Replacement:="Pascale Jeuland (Fra) Doltcini-Van Eyck Sport", LookAt:=xlWhole, SearchOrder:=xlByRows, MatchCase:=False
Selection.Replace What:="Kelly* Markus*", Replacement:="Kelly Markus (Ned) Doltcini-Van Eyck Sport", LookAt:=xlWhole, SearchOrder:=xlByRows, MatchCase:=False
Selection.Replace What:="Marion* Sicot*", Replacement:="Marion Sicot (Fra) Doltcini-Van Eyck Sport", LookAt:=xlWhole, SearchOrder:=xlByRows, MatchCase:=False
Selection.Replace What:="Bryony* van Velzen*", Replacement:="Bryony van Velzen (Ned) Doltcini-Van Eyck Sport", LookAt:=xlWhole, SearchOrder:=xlByRows, MatchCase:=False
Selection.Replace What:="Saartje* Vandenbroucke*", Replacement:="Saartje Vandenbroucke (Bel) Doltcini-Van Eyck Sport", LookAt:=xlWhole, SearchOrder:=xlByRows, MatchCase:=False
Selection.Replace What:="Jesse* Vandenbulcke*", Replacement:="Jesse Vandenbulcke (Bel) Doltcini-Van Eyck Sport", LookAt:=xlWhole, SearchOrder:=xlByRows, MatchCase:=False
Selection.Replace What:="Anisha* Vekemans*", Replacement:="Anisha Vekemans (Bel) Doltcini-Van Eyck Sport", LookAt:=xlWhole, SearchOrder:=xlByRows, MatchCase:=False
Selection.Replace What:="Varvara* Fasoi*", Replacement:="Varvara Fasoi (Gre) Eneicue Cycling Team", LookAt:=xlWhole, SearchOrder:=xlByRows, MatchCase:=False
Selection.Replace What:="Andrea* Fraile*", Replacement:="Andrea Fraile Mas (Spa) Eneicue Cycling Team", LookAt:=xlWhole, SearchOrder:=xlByRows, MatchCase:=False
Selection.Replace What:="Saioa* Gil*", Replacement:="Saioa Gil Ranero (Spa) Eneicue Cycling Team", LookAt:=xlWhole, SearchOrder:=xlByRows, MatchCase:=False
Selection.Replace What:="Mayuko* Hagiwara*", Replacement:="Mayuko Hagiwara (Jpn) Eneicue Cycling Team", LookAt:=xlWhole, SearchOrder:=xlByRows, MatchCase:=False
Selection.Replace What:="Ziortza* Isasi*", Replacement:="Ziortza Isasi Cristobal (Spa) Eneicue Cycling Team", LookAt:=xlWhole, SearchOrder:=xlByRows, MatchCase:=False
Selection.Replace What:="Lija* Laizane*", Replacement:="Lija Laizane (Lat) Eneicue Cycling Team", LookAt:=xlWhole, SearchOrder:=xlByRows, MatchCase:=False
Selection.Replace What:="Cristina* Pujol*", Replacement:="Cristina Pujol Muñoz (Spa) Eneicue Cycling Team", LookAt:=xlWhole, SearchOrder:=xlByRows, MatchCase:=False
Selection.Replace What:="Paula* Sanmartin*", Replacement:="Paula Sanmartin Rodriguez (Spa) Eneicue Cycling Team", LookAt:=xlWhole, SearchOrder:=xlByRows, MatchCase:=False
Selection.Replace What:="Sandra* Santos*", Replacement:="Sandra Santos (Por) Eneicue Cycling Team", LookAt:=xlWhole, SearchOrder:=xlByRows, MatchCase:=False
Selection.Replace What:="Charlotte* Becker*", Replacement:="Charlotte Becker (Ger) FDJ Nouvelle-Aquitaine Futuroscope", LookAt:=xlWhole, SearchOrder:=xlByRows, MatchCase:=False
Selection.Replace What:="Charlotte* Bravard*", Replacement:="Charlotte Bravard (Fra) FDJ Nouvelle-Aquitaine Futuroscope", LookAt:=xlWhole, SearchOrder:=xlByRows, MatchCase:=False
Selection.Replace What:="Coralie* Demay*", Replacement:="Coralie Demay (Fra) FDJ Nouvelle-Aquitaine Futuroscope", LookAt:=xlWhole, SearchOrder:=xlByRows, MatchCase:=False
Selection.Replace What:="Eug?nie* Duval*", Replacement:="Eugénie Duval (Fra) FDJ Nouvelle-Aquitaine Futuroscope", LookAt:=xlWhole, SearchOrder:=xlByRows, MatchCase:=False
Selection.Replace What:="Emilia* Fahlin*", Replacement:="Emilia Fahlin (Swe) FDJ Nouvelle-Aquitaine Futuroscope", LookAt:=xlWhole, SearchOrder:=xlByRows, MatchCase:=False
Selection.Replace What:="Shara* Gillow*", Replacement:="Shara Gillow (Aus) FDJ Nouvelle-Aquitaine Futuroscope", LookAt:=xlWhole, SearchOrder:=xlByRows, MatchCase:=False
Selection.Replace What:="Ma?lle* Grossetete*", Replacement:="Maëlle Grossetete (Fra) FDJ Nouvelle-Aquitaine Futuroscope", LookAt:=xlWhole, SearchOrder:=xlByRows, MatchCase:=False
Selection.Replace What:="Victorie* Guilman*", Replacement:="Victorie Guilman (Fra) FDJ Nouvelle-Aquitaine Futuroscope", LookAt:=xlWhole, SearchOrder:=xlByRows, MatchCase:=False
Selection.Replace What:="Lauren* Kitchen*", Replacement:="Lauren Kitchen (Aus) FDJ Nouvelle-Aquitaine Futuroscope", LookAt:=xlWhole, SearchOrder:=xlByRows, MatchCase:=False
Selection.Replace What:="Marie* Le Net*", Replacement:="Marie Le Net (Fra) FDJ Nouvelle-Aquitaine Futuroscope", LookAt:=xlWhole, SearchOrder:=xlByRows, MatchCase:=False
Selection.Replace What:="Evita* Muzic*", Replacement:="Evita Muzic (Fra) FDJ Nouvelle-Aquitaine Futuroscope", LookAt:=xlWhole, SearchOrder:=xlByRows, MatchCase:=False
Selection.Replace What:="Greta* Richioud*", Replacement:="Greta Richioud (Fra) FDJ Nouvelle-Aquitaine Futuroscope", LookAt:=xlWhole, SearchOrder:=xlByRows, MatchCase:=False
Selection.Replace What:="Jade* Wiel*", Replacement:="Jade Wiel (Fra) FDJ Nouvelle-Aquitaine Futuroscope", LookAt:=xlWhole, SearchOrder:=xlByRows, MatchCase:=False
Selection.Replace What:="Whitney* Allison*", Replacement:="Whitney Allison (USA) Hagens Berman-Supermint", LookAt:=xlWhole, SearchOrder:=xlByRows, MatchCase:=False
Selection.Replace What:="Jessica* Cerra*", Replacement:="Jessica Cerra (USA) Hagens Berman-Supermint", LookAt:=xlWhole, SearchOrder:=xlByRows, MatchCase:=False
Selection.Replace What:="Leigh Ann* Ganzar*", Replacement:="Leigh Ann Ganzar (USA) Hagens Berman-Supermint", LookAt:=xlWhole, SearchOrder:=xlByRows, MatchCase:=False
Selection.Replace What:="Lindsay* Goldman*", Replacement:="Lindsay Goldman (USA) Hagens Berman-Supermint", LookAt:=xlWhole, SearchOrder:=xlByRows, MatchCase:=False
Selection.Replace What:="Julie* Kuliecza*", Replacement:="Julie Kuliecza (USA) Hagens Berman-Supermint", LookAt:=xlWhole, SearchOrder:=xlByRows, MatchCase:=False
Selection.Replace What:="Harriet* Owen*", Replacement:="Harriet Owen (GBr) Hagens Berman-Supermint", LookAt:=xlWhole, SearchOrder:=xlByRows, MatchCase:=False
Selection.Replace What:="Liza* Rachetto*", Replacement:="Liza Rachetto (USA) Hagens Berman-Supermint", LookAt:=xlWhole, SearchOrder:=xlByRows, MatchCase:=False
Selection.Replace What:="Starla* Teddergreen*", Replacement:="Starla Teddergreen (USA) Hagens Berman-Supermint", LookAt:=xlWhole, SearchOrder:=xlByRows, MatchCase:=False
Selection.Replace What:="Aimee* Vasse*", Replacement:="Aimee Vasse (USA) Hagens Berman-Supermint", LookAt:=xlWhole, SearchOrder:=xlByRows, MatchCase:=False
Selection.Replace What:="Lily* Williams*", Replacement:="Lily Williams (USA) Hagens Berman-Supermint", LookAt:=xlWhole, SearchOrder:=xlByRows, MatchCase:=False
Selection.Replace What:="Veronika* Kormos*", Replacement:="Veronika Anna Kormos (Hun) Health Mate-Ladies Team", LookAt:=xlWhole, SearchOrder:=xlByRows, MatchCase:=False
Selection.Replace What:="Zsófia* Szab?*", Replacement:="Zsófia Szabó (Hun) Health Mate-Ladies Team", LookAt:=xlWhole, SearchOrder:=xlByRows, MatchCase:=False
Selection.Replace What:="Lara* Defour*", Replacement:="Lara Defour (Bel) Health Mate-Ladies Team", LookAt:=xlWhole, SearchOrder:=xlByRows, MatchCase:=False
Selection.Replace What:="Fien* Delbaere*", Replacement:="Fien Delbaere (Bel) Health Mate-Ladies Team", LookAt:=xlWhole, SearchOrder:=xlByRows, MatchCase:=False
Selection.Replace What:="Margarita* Lopez*", Replacement:="Margarita Lopez Llull (Spa) Health Mate-Ladies Team", LookAt:=xlWhole, SearchOrder:=xlByRows, MatchCase:=False
Selection.Replace What:="Laura* Lozano*", Replacement:="Laura Camila Lozano Ramirez (Col) Health Mate-Ladies Team", LookAt:=xlWhole, SearchOrder:=xlByRows, MatchCase:=False
Selection.Replace What:="Esther* Meisels*", Replacement:="Esther Meisels (Isr) Health Mate-Ladies Team", LookAt:=xlWhole, SearchOrder:=xlByRows, MatchCase:=False
Selection.Replace What:="Sara* Mustonen*", Replacement:="Sara Mustonen (Swe) Health Mate-Ladies Team", LookAt:=xlWhole, SearchOrder:=xlByRows, MatchCase:=False
Selection.Replace What:="Christina* Perchtold*", Replacement:="Christina Perchtold (Aut) Health Mate-Ladies Team", LookAt:=xlWhole, SearchOrder:=xlByRows, MatchCase:=False
Selection.Replace What:="Lotte* Rotman*", Replacement:="Lotte Rotman (Bel) Health Mate-Ladies Team", LookAt:=xlWhole, SearchOrder:=xlByRows, MatchCase:=False
Selection.Replace What:="Christina* Schweinberger*", Replacement:="Christina Schweinberger (Aut) Health Mate-Ladies Team", LookAt:=xlWhole, SearchOrder:=xlByRows, MatchCase:=False
Selection.Replace What:="Kathrin* Schweinberger*", Replacement:="Kathrin Schweinberger (Aut) Health Mate-Ladies Team", LookAt:=xlWhole, SearchOrder:=xlByRows, MatchCase:=False
Selection.Replace What:="Laura* S??emilch*", Replacement:="Laura Süßemilch (Ger) Health Mate-Ladies Team", LookAt:=xlWhole, SearchOrder:=xlByRows, MatchCase:=False
Selection.Replace What:="Chlo?* Turblin*", Replacement:="Chloë Turblin (Fra) Health Mate-Ladies Team", LookAt:=xlWhole, SearchOrder:=xlByRows, MatchCase:=False
Selection.Replace What:="Kirstie* van Haaften*", Replacement:="Kirstie van Haaften (Ned) Health Mate-Ladies Team", LookAt:=xlWhole, SearchOrder:=xlByRows, MatchCase:=False
Selection.Replace What:="Suzanne* Verhoeven*", Replacement:="Suzanne Verhoeven (Bel) Health Mate-Ladies Team", LookAt:=xlWhole, SearchOrder:=xlByRows, MatchCase:=False
Selection.Replace What:="Kylie* Waterreus*", Replacement:="Kylie Waterreus (Ned) Health Mate-Ladies Team", LookAt:=xlWhole, SearchOrder:=xlByRows, MatchCase:=False
Selection.Replace What:="Pernille* Feldmann*", Replacement:="Pernille Larsen Feldmann (Nor) Hitec Products-Birk Sport", LookAt:=xlWhole, SearchOrder:=xlByRows, MatchCase:=False
Selection.Replace What:="Grace* Garner*", Replacement:="Grace Garner (GBr) Hitec Products-Birk Sport", LookAt:=xlWhole, SearchOrder:=xlByRows, MatchCase:=False
Selection.Replace What:="Lucy* Garner*", Replacement:="Lucy Garner (GBr) Hitec Products-Birk Sport", LookAt:=xlWhole, SearchOrder:=xlByRows, MatchCase:=False
Selection.Replace What:="Ingvild* G?skjenn*", Replacement:="Ingvild Gåskjenn (Nor) Hitec Products-Birk Sport", LookAt:=xlWhole, SearchOrder:=xlByRows, MatchCase:=False
Selection.Replace What:="Vita* Heine*", Replacement:="Vita Heine (Nor) Hitec Products-Birk Sport", LookAt:=xlWhole, SearchOrder:=xlByRows, MatchCase:=False
Selection.Replace What:="Ingrid* Lorvik*", Replacement:="Ingrid Lorvik (Nor) Hitec Products-Birk Sport", LookAt:=xlWhole, SearchOrder:=xlByRows, MatchCase:=False
Selection.Replace What:="Amalie* Lutro*", Replacement:="Amalie Lutro (Nor) Hitec Products-Birk Sport", LookAt:=xlWhole, SearchOrder:=xlByRows, MatchCase:=False
Selection.Replace What:="Julie* Solvang*", Replacement:="Julie Solvang (Nor) Hitec Products-Birk Sport", LookAt:=xlWhole, SearchOrder:=xlByRows, MatchCase:=False
Selection.Replace What:="Chanella* Stougje*", Replacement:="Chanella Stougje (Ned) Hitec Products-Birk Sport", LookAt:=xlWhole, SearchOrder:=xlByRows, MatchCase:=False
Selection.Replace What:="Marta* Tagliaferro*", Replacement:="Marta Tagliaferro (Ita) Hitec Products-Birk Sport", LookAt:=xlWhole, SearchOrder:=xlByRows, MatchCase:=False
Selection.Replace What:="Lonneke* Uneken*", Replacement:="Lonneke Uneken (Ned) Hitec Products-Birk Sport", LookAt:=xlWhole, SearchOrder:=xlByRows, MatchCase:=False
Selection.Replace What:="Julia* Biryukova*", Replacement:="Julia Biryukova (Ukr) Lviv Cycling Team", LookAt:=xlWhole, SearchOrder:=xlByRows, MatchCase:=False
Selection.Replace What:="Viktoriya* Bondar*", Replacement:="Viktoriya Bondar (Ukr) Lviv Cycling Team", LookAt:=xlWhole, SearchOrder:=xlByRows, MatchCase:=False
Selection.Replace What:="Oksana* Kliachina*", Replacement:="Oksana Kliachina (Ukr) Lviv Cycling Team", LookAt:=xlWhole, SearchOrder:=xlByRows, MatchCase:=False
Selection.Replace What:="Tetyana* Klimchenko*", Replacement:="Tetyana Klimchenko (Ukr) Lviv Cycling Team", LookAt:=xlWhole, SearchOrder:=xlByRows, MatchCase:=False
Selection.Replace What:="Valeriya* Kononenko*", Replacement:="Valeriya Kononenko (Ukr) Lviv Cycling Team", LookAt:=xlWhole, SearchOrder:=xlByRows, MatchCase:=False
Selection.Replace What:="Daryna* Martynyuk*", Replacement:="Daryna Martynyuk (Ukr) Lviv Cycling Team", LookAt:=xlWhole, SearchOrder:=xlByRows, MatchCase:=False
Selection.Replace What:="Anna* Nahirna*", Replacement:="Anna Nahirna (Ukr) Lviv Cycling Team", LookAt:=xlWhole, SearchOrder:=xlByRows, MatchCase:=False
Selection.Replace What:="Olena* Sharga*", Replacement:="Olena Sharga (Ukr) Lviv Cycling Team", LookAt:=xlWhole, SearchOrder:=xlByRows, MatchCase:=False
Selection.Replace What:="Ganna* Solovei*", Replacement:="Ganna Solovei (Ukr) Lviv Cycling Team", LookAt:=xlWhole, SearchOrder:=xlByRows, MatchCase:=False
Selection.Replace What:="Viktoriia* Yaroshenko*", Replacement:="Viktoriia Yaroshenko (Ukr) Lviv Cycling Team", LookAt:=xlWhole, SearchOrder:=xlByRows, MatchCase:=False
Selection.Replace What:="Valeria* Zalizna*", Replacement:="Valeria Zalizna (Ukr) Lviv Cycling Team", LookAt:=xlWhole, SearchOrder:=xlByRows, MatchCase:=False
Selection.Replace What:="Danique* Braam*", Replacement:="Danique Braam (Ned) Lotto Soudal Ladies", LookAt:=xlWhole, SearchOrder:=xlByRows, MatchCase:=False
Selection.Replace What:="Alana* Castrique*", Replacement:="Alana Castrique (Bel) Lotto Soudal Ladies", LookAt:=xlWhole, SearchOrder:=xlByRows, MatchCase:=False
Selection.Replace What:="Danielle* Christmas*", Replacement:="Danielle Christmas (GBr) Lotto Soudal Ladies", LookAt:=xlWhole, SearchOrder:=xlByRows, MatchCase:=False
Selection.Replace What:="Demi* de Jong*", Replacement:="Demi de Jong (Ned) Lotto Soudal Ladies", LookAt:=xlWhole, SearchOrder:=xlByRows, MatchCase:=False
Selection.Replace What:="Marie* Dessart*", Replacement:="Marie Dessart (Bel) Lotto Soudal Ladies", LookAt:=xlWhole, SearchOrder:=xlByRows, MatchCase:=False
Selection.Replace What:="Annelies* Dom*", Replacement:="Annelies Dom (Bel) Lotto Soudal Ladies", LookAt:=xlWhole, SearchOrder:=xlByRows, MatchCase:=False
Selection.Replace What:="Chantal* Hoffmann*", Replacement:="Chantal Hoffmann (Lux) Lotto Soudal Ladies", LookAt:=xlWhole, SearchOrder:=xlByRows, MatchCase:=False
Selection.Replace What:="Lotte* Kopecky*", Replacement:="Lotte Kopecky (Bel) Lotto Soudal Ladies", LookAt:=xlWhole, SearchOrder:=xlByRows, MatchCase:=False
Selection.Replace What:="Puck* Moonen*", Replacement:="Puck Moonen (Ned) Lotto Soudal Ladies", LookAt:=xlWhole, SearchOrder:=xlByRows, MatchCase:=False
Selection.Replace What:="Thi* Nguyen*", Replacement:="Thi That Nguyen (Vie) Lotto Soudal Ladies", LookAt:=xlWhole, SearchOrder:=xlByRows, MatchCase:=False
Selection.Replace What:="Julie* Van de Velde*", Replacement:="Julie Van de Velde (Bel) Lotto Soudal Ladies", LookAt:=xlWhole, SearchOrder:=xlByRows, MatchCase:=False
Selection.Replace What:="Kelly* Van Den Steen*", Replacement:="Kelly Van Den Steen (Bel) Lotto Soudal Ladies", LookAt:=xlWhole, SearchOrder:=xlByRows, MatchCase:=False
Selection.Replace What:="Fenna* Vanhoutte*", Replacement:="Fenna Vanhoutte (Bel) Lotto Soudal Ladies", LookAt:=xlWhole, SearchOrder:=xlByRows, MatchCase:=False
Selection.Replace What:="Aude* Biannic*", Replacement:="Aude Biannic (Fra) Movistar Team Women", LookAt:=xlWhole, SearchOrder:=xlByRows, MatchCase:=False
Selection.Replace What:="Roxane* Fournier*", Replacement:="Roxane Fournier (Fra) Movistar Team Women", LookAt:=xlWhole, SearchOrder:=xlByRows, MatchCase:=False
Selection.Replace What:="Margarita* Garcia*", Replacement:="Margarita Victo Garcia Cañellas (Spa) Movistar Team Women", LookAt:=xlWhole, SearchOrder:=xlByRows, MatchCase:=False
Selection.Replace What:="Alicia* Gonzalez*", Replacement:="Alicia Gonzalez Blanco (Spa) Movistar Team Women", LookAt:=xlWhole, SearchOrder:=xlByRows, MatchCase:=False
Selection.Replace What:="Sheyla* Gutierrez*", Replacement:="Sheyla Gutierrez Ruiz (Spa) Movistar Team Women", LookAt:=xlWhole, SearchOrder:=xlByRows, MatchCase:=False
Selection.Replace What:="Malgorzata* Jasinska*", Replacement:="Malgorzata Jasinska (Pol) Movistar Team Women", LookAt:=xlWhole, SearchOrder:=xlByRows, MatchCase:=False
Selection.Replace What:="Lorena* Llamas*", Replacement:="Lorena Llamas Garcia (Spa) Movistar Team Women", LookAt:=xlWhole, SearchOrder:=xlByRows, MatchCase:=False
Selection.Replace What:="Eider* Merino*", Replacement:="Eider Merino Cortazar (Spa) Movistar Team Women", LookAt:=xlWhole, SearchOrder:=xlByRows, MatchCase:=False
Selection.Replace What:="Lourdes* Oyarbide*", Replacement:="Lourdes Oyarbide Jimenez (Spa) Movistar Team Women", LookAt:=xlWhole, SearchOrder:=xlByRows, MatchCase:=False
Selection.Replace What:="Paula* Pati?o*", Replacement:="Paula Andrea Patiño Bedoya (Col) Movistar Team Women", LookAt:=xlWhole, SearchOrder:=xlByRows, MatchCase:=False
Selection.Replace What:="Gloria* Rodriguez*", Replacement:="Gloria Rodriguez Sanchez (Spa) Movistar Team Women", LookAt:=xlWhole, SearchOrder:=xlByRows, MatchCase:=False
Selection.Replace What:="Alba* Teruel*", Replacement:="Alba Teruel Ribes (Spa) Movistar Team Women", LookAt:=xlWhole, SearchOrder:=xlByRows, MatchCase:=False
Selection.Replace What:="Jessica* Allen*", Replacement:="Jessica Allen (Aus) Mitchelton-Scott Women", LookAt:=xlWhole, SearchOrder:=xlByRows, MatchCase:=False
Selection.Replace What:="Grace* Brown*", Replacement:="Grace Brown (Aus) Mitchelton-Scott Women", LookAt:=xlWhole, SearchOrder:=xlByRows, MatchCase:=False
Selection.Replace What:="Gracie* Elvin*", Replacement:="Gracie Elvin (Aus) Mitchelton-Scott Women", LookAt:=xlWhole, SearchOrder:=xlByRows, MatchCase:=False
Selection.Replace What:="Lucy* Kennedy*", Replacement:="Lucy Kennedy (Aus) Mitchelton-Scott Women", LookAt:=xlWhole, SearchOrder:=xlByRows, MatchCase:=False
Selection.Replace What:="Alexandra* Manly*", Replacement:="Alexandra Manly (Aus) Mitchelton-Scott Women", LookAt:=xlWhole, SearchOrder:=xlByRows, MatchCase:=False
Selection.Replace What:="Sarah* Roy*", Replacement:="Sarah Roy (Aus) Mitchelton-Scott Women", LookAt:=xlWhole, SearchOrder:=xlByRows, MatchCase:=False
Selection.Replace What:="Amanda* Spratt*", Replacement:="Amanda Spratt (Aus) Mitchelton-Scott Women", LookAt:=xlWhole, SearchOrder:=xlByRows, MatchCase:=False
Selection.Replace What:="Moniek* Tenniglo*", Replacement:="Moniek Tenniglo (Ned) Mitchelton-Scott Women", LookAt:=xlWhole, SearchOrder:=xlByRows, MatchCase:=False
Selection.Replace What:="Annemiek* van Vleuten*", Replacement:="Annemiek van Vleuten (Ned) Mitchelton-Scott Women", LookAt:=xlWhole, SearchOrder:=xlByRows, MatchCase:=False
Selection.Replace What:="Georgia* Williams*", Replacement:="Georgia Williams (NZl) Mitchelton-Scott Women", LookAt:=xlWhole, SearchOrder:=xlByRows, MatchCase:=False
Selection.Replace What:="Loes* Adegeest*", Replacement:="Loes Adegeest (Ned) Parkhotel Valkenburg", LookAt:=xlWhole, SearchOrder:=xlByRows, MatchCase:=False
Selection.Replace What:="Nina* Buijsman*", Replacement:="Nina Buijsman (Ned) Parkhotel Valkenburg", LookAt:=xlWhole, SearchOrder:=xlByRows, MatchCase:=False
Selection.Replace What:="Sophie* de Boer*", Replacement:="Sophie de Boer (Ned) Parkhotel Valkenburg", LookAt:=xlWhole, SearchOrder:=xlByRows, MatchCase:=False
Selection.Replace What:="Belle* de Gast*", Replacement:="Belle de Gast (Ned) Parkhotel Valkenburg", LookAt:=xlWhole, SearchOrder:=xlByRows, MatchCase:=False
Selection.Replace What:="Sofie* De Vuyst*", Replacement:="Sofie De Vuyst (Bel) Parkhotel Valkenburg", LookAt:=xlWhole, SearchOrder:=xlByRows, MatchCase:=False
Selection.Replace What:="Ann?Sophie* Duyck*", Replacement:="Ann-Sophie Duyck (Bel) Parkhotel Valkenburg", LookAt:=xlWhole, SearchOrder:=xlByRows, MatchCase:=False
Selection.Replace What:="Roxane* Knetemann*", Replacement:="Roxane Knetemann (Ned) Parkhotel Valkenburg", LookAt:=xlWhole, SearchOrder:=xlByRows, MatchCase:=False
Selection.Replace What:="Femke* Markus*", Replacement:="Femke Markus (Ned) Parkhotel Valkenburg", LookAt:=xlWhole, SearchOrder:=xlByRows, MatchCase:=False
Selection.Replace What:="Fleur* Nagengast*", Replacement:="Fleur Nagengast (Ned) Parkhotel Valkenburg", LookAt:=xlWhole, SearchOrder:=xlByRows, MatchCase:=False
Selection.Replace What:="Marit* Raaijmakers*", Replacement:="Marit Raaijmakers (Ned) Parkhotel Valkenburg", LookAt:=xlWhole, SearchOrder:=xlByRows, MatchCase:=False
Selection.Replace What:="Sylvie* Swinkels*", Replacement:="Sylvie Swinkels (Ned) Parkhotel Valkenburg", LookAt:=xlWhole, SearchOrder:=xlByRows, MatchCase:=False
Selection.Replace What:="Meike* *", Replacement:="Meike Uiterwijk Winkel (Ned) Parkhotel Valkenburg", LookAt:=xlWhole, SearchOrder:=xlByRows, MatchCase:=False
Selection.Replace What:="Janine* van der Meer*", Replacement:="Janine van der Meer (Ned) Parkhotel Valkenburg", LookAt:=xlWhole, SearchOrder:=xlByRows, MatchCase:=False
Selection.Replace What:="Esther* van Veen*", Replacement:="Esther van Veen (Ned) Parkhotel Valkenburg", LookAt:=xlWhole, SearchOrder:=xlByRows, MatchCase:=False
Selection.Replace What:="Demi* Vollering*", Replacement:="Demi Vollering (Ned) Parkhotel Valkenburg", LookAt:=xlWhole, SearchOrder:=xlByRows, MatchCase:=False
Selection.Replace What:="Lorena* Wiebes*", Replacement:="Lorena Wiebes (Ned) Parkhotel Valkenburg", LookAt:=xlWhole, SearchOrder:=xlByRows, MatchCase:=False
Selection.Replace What:="Erica* Allar*", Replacement:="Erica Allar (USA) Rally UHC Cycling Women", LookAt:=xlWhole, SearchOrder:=xlByRows, MatchCase:=False
Selection.Replace What:="Sara* Bergen*", Replacement:="Sara Bergen (Can) Rally UHC Cycling Women", LookAt:=xlWhole, SearchOrder:=xlByRows, MatchCase:=False
Selection.Replace What:="Allison* Beveridge*", Replacement:="Allison Beveridge (Can) Rally UHC Cycling Women", LookAt:=xlWhole, SearchOrder:=xlByRows, MatchCase:=False
Selection.Replace What:="Kelly* Catlin*", Replacement:="Kelly Catlin (USA) Rally UHC Cycling Women", LookAt:=xlWhole, SearchOrder:=xlByRows, MatchCase:=False
Selection.Replace What:="Krista* Doebel?Hickok*", Replacement:="Krista Doebel-Hickok (USA) Rally UHC Cycling Women", LookAt:=xlWhole, SearchOrder:=xlByRows, MatchCase:=False
Selection.Replace What:="Gillian* Ellsay*", Replacement:="Gillian Ellsay (Can) Rally UHC Cycling Women", LookAt:=xlWhole, SearchOrder:=xlByRows, MatchCase:=False
Selection.Replace What:="Heidi* Franz*", Replacement:="Heidi Franz (USA) Rally UHC Cycling Women", LookAt:=xlWhole, SearchOrder:=xlByRows, MatchCase:=False
Selection.Replace What:="Kirsti* Lay*", Replacement:="Kirsti Lay (Can) Rally UHC Cycling Women", LookAt:=xlWhole, SearchOrder:=xlByRows, MatchCase:=False
Selection.Replace What:="Katherine* Maine*", Replacement:="Katherine Maine (Can) Rally UHC Cycling Women", LookAt:=xlWhole, SearchOrder:=xlByRows, MatchCase:=False
Selection.Replace What:="Abigail* Mickey*", Replacement:="Abigail Mickey (USA) Rally UHC Cycling Women", LookAt:=xlWhole, SearchOrder:=xlByRows, MatchCase:=False
Selection.Replace What:="Summer* Moak*", Replacement:="Summer Moak (USA) Rally UHC Cycling Women", LookAt:=xlWhole, SearchOrder:=xlByRows, MatchCase:=False
Selection.Replace What:="Sara* Poidevin*", Replacement:="Sara Poidevin (Can) Rally UHC Cycling Women", LookAt:=xlWhole, SearchOrder:=xlByRows, MatchCase:=False
Selection.Replace What:="Emma* White*", Replacement:="Emma White (USA) Rally UHC Cycling Women", LookAt:=xlWhole, SearchOrder:=xlByRows, MatchCase:=False
Selection.Replace What:="Ana* Covrig*", Replacement:="Ana Maria Covrig (Rom) Eurotarget-Bianchi-Vittoria", LookAt:=xlWhole, SearchOrder:=xlByRows, MatchCase:=False
Selection.Replace What:="Clemilda* Fernandes*", Replacement:="Clemilda Fernandes Silva (Bra) Eurotarget-Bianchi-Vittoria", LookAt:=xlWhole, SearchOrder:=xlByRows, MatchCase:=False
Selection.Replace What:="Arianna* Fidanza*", Replacement:="Arianna Fidanza (Ita) Eurotarget-Bianchi-Vittoria", LookAt:=xlWhole, SearchOrder:=xlByRows, MatchCase:=False
Selection.Replace What:="Martina* Fidanza*", Replacement:="Martina Fidanza (Ita) Eurotarget-Bianchi-Vittoria", LookAt:=xlWhole, SearchOrder:=xlByRows, MatchCase:=False
Selection.Replace What:="Elena* Franchi*", Replacement:="Elena Franchi (Ita) Eurotarget-Bianchi-Vittoria", LookAt:=xlWhole, SearchOrder:=xlByRows, MatchCase:=False
Selection.Replace What:="Alice* Gasparini*", Replacement:="Alice Gasparini (Ita) Eurotarget-Bianchi-Vittoria", LookAt:=xlWhole, SearchOrder:=xlByRows, MatchCase:=False
Selection.Replace What:="Gloria* Manzoni*", Replacement:="Gloria Manzoni (Ita) Eurotarget-Bianchi-Vittoria", LookAt:=xlWhole, SearchOrder:=xlByRows, MatchCase:=False
Selection.Replace What:="Lisa* Morzenti*", Replacement:="Lisa Morzenti (Ita) Eurotarget-Bianchi-Vittoria", LookAt:=xlWhole, SearchOrder:=xlByRows, MatchCase:=False
Selection.Replace What:="Gloria* Nardi*", Replacement:="Gloria Nardi (Ita) Eurotarget-Bianchi-Vittoria", LookAt:=xlWhole, SearchOrder:=xlByRows, MatchCase:=False
Selection.Replace What:="Beatrice* Rossato*", Replacement:="Beatrice Rossato (Ita) Eurotarget-Bianchi-Vittoria", LookAt:=xlWhole, SearchOrder:=xlByRows, MatchCase:=False
Selection.Replace What:="Debora* Silvestri*", Replacement:="Debora Silvestri (Ita) Eurotarget-Bianchi-Vittoria", LookAt:=xlWhole, SearchOrder:=xlByRows, MatchCase:=False
Selection.Replace What:="Sara* Casasola*", Replacement:="Sara Casasola (Ita) Servetto-Piumate-Beltrami TSA", LookAt:=xlWhole, SearchOrder:=xlByRows, MatchCase:=False
Selection.Replace What:="Morgane* Coston*", Replacement:="Morgane Coston (Fra) Servetto-Piumate-Beltrami TSA", LookAt:=xlWhole, SearchOrder:=xlByRows, MatchCase:=False
Selection.Replace What:="Mosana* Debesay*", Replacement:="Mosana Debesay (Eri) Servetto-Piumate-Beltrami TSA", LookAt:=xlWhole, SearchOrder:=xlByRows, MatchCase:=False
Selection.Replace What:="Kseniia* Dobrynina*", Replacement:="Kseniia Dobrynina (Rus) Servetto-Piumate-Beltrami TSA", LookAt:=xlWhole, SearchOrder:=xlByRows, MatchCase:=False
Selection.Replace What:="Aurora* Gaio*", Replacement:="Aurora Gaio (Ita) Servetto-Piumate-Beltrami TSA", LookAt:=xlWhole, SearchOrder:=xlByRows, MatchCase:=False
Selection.Replace What:="Irena* Ossola*", Replacement:="Irena Ossola (USA) Servetto-Piumate-Beltrami TSA", LookAt:=xlWhole, SearchOrder:=xlByRows, MatchCase:=False
Selection.Replace What:="Valentina* Picca*", Replacement:="Valentina Picca (Ita) Servetto-Piumate-Beltrami TSA", LookAt:=xlWhole, SearchOrder:=xlByRows, MatchCase:=False
Selection.Replace What:="Anna* Potokina*", Replacement:="Anna Potokina (Rus) Servetto-Piumate-Beltrami TSA", LookAt:=xlWhole, SearchOrder:=xlByRows, MatchCase:=False
Selection.Replace What:="Mark?ta* H?jkov?*", Replacement:="Markéta Hájková (Cze) Servetto-Piumate-Beltrami TSA", LookAt:=xlWhole, SearchOrder:=xlByRows, MatchCase:=False
Selection.Replace What:="M?nika* Kir?ly*", Replacement:="Mónika Király (Hun) Servetto-Piumate-Beltrami TSA", LookAt:=xlWhole, SearchOrder:=xlByRows, MatchCase:=False
Selection.Replace What:="Olena* Novikova*", Replacement:="Olena Novikova (Ukr) Servetto-Piumate-Beltrami TSA", LookAt:=xlWhole, SearchOrder:=xlByRows, MatchCase:=False
Selection.Replace What:="Yevgeniya* Vysotska*", Replacement:="Yevgeniya Vysotska (Ukr) Servetto-Piumate-Beltrami TSA", LookAt:=xlWhole, SearchOrder:=xlByRows, MatchCase:=False
Selection.Replace What:="Susanne* Andersen*", Replacement:="Susanne Andersen (Nor) Team Sunweb Women", LookAt:=xlWhole, SearchOrder:=xlByRows, MatchCase:=False
Selection.Replace What:="Lucinda* Brand*", Replacement:="Lucinda Brand (Ned) Team Sunweb Women", LookAt:=xlWhole, SearchOrder:=xlByRows, MatchCase:=False
Selection.Replace What:="Janneke* Ensing*", Replacement:="Janneke Ensing (Ned) Team Sunweb Women", LookAt:=xlWhole, SearchOrder:=xlByRows, MatchCase:=False
Selection.Replace What:="Pfeiffer* Georgi*", Replacement:="Pfeiffer Georgi (GBr) Team Sunweb Women", LookAt:=xlWhole, SearchOrder:=xlByRows, MatchCase:=False
Selection.Replace What:="Leah* Kirchmann*", Replacement:="Leah Kirchmann (Can) Team Sunweb Women", LookAt:=xlWhole, SearchOrder:=xlByRows, MatchCase:=False
Selection.Replace What:="Juliette* Labous*", Replacement:="Juliette Labous (Fra) Team Sunweb Women", LookAt:=xlWhole, SearchOrder:=xlByRows, MatchCase:=False
Selection.Replace What:="Liane* Lippert*", Replacement:="Liane Lippert (Ger) Team Sunweb Women", LookAt:=xlWhole, SearchOrder:=xlByRows, MatchCase:=False
Selection.Replace What:="Floortje* Mackaij*", Replacement:="Floortje Mackaij (Ned) Team Sunweb Women", LookAt:=xlWhole, SearchOrder:=xlByRows, MatchCase:=False
Selection.Replace What:="Pernille* Mathiesen*", Replacement:="Pernille Mathiesen (Den) Team Sunweb Women", LookAt:=xlWhole, SearchOrder:=xlByRows, MatchCase:=False
Selection.Replace What:="Coryn* Rivera*", Replacement:="Coryn Rivera (USA) Team Sunweb Women", LookAt:=xlWhole, SearchOrder:=xlByRows, MatchCase:=False
Selection.Replace What:="Julia* Soek*", Replacement:="Julia Soek (Ned) Team Sunweb Women", LookAt:=xlWhole, SearchOrder:=xlByRows, MatchCase:=False
Selection.Replace What:="Anet* Barrera*", Replacement:="Anet Barrera Esparza (Mex) Swapit Agolico", LookAt:=xlWhole, SearchOrder:=xlByRows, MatchCase:=False
Selection.Replace What:="Ariadna* Gutierrez*", Replacement:="Ariadna Gutierrez Arzaluz (Mex) Swapit Agolico", LookAt:=xlWhole, SearchOrder:=xlByRows, MatchCase:=False
Selection.Replace What:="Marcela* Prieto*", Replacement:="Marcela Elizabeth Prieto Castañeda (Mex) Swapit Agolico", LookAt:=xlWhole, SearchOrder:=xlByRows, MatchCase:=False
Selection.Replace What:="Andrea* Ram?rez*", Replacement:="Andrea Ramírez Fregoso (Mex) Swapit Agolico", LookAt:=xlWhole, SearchOrder:=xlByRows, MatchCase:=False
Selection.Replace What:="Jannie* Salcedo*", Replacement:="Jannie Milena Salcedo Zambrano (Col) Swapit Agolico", LookAt:=xlWhole, SearchOrder:=xlByRows, MatchCase:=False
Selection.Replace What:="Ana* Sanabria*", Replacement:="Ana Cristina Sanabria Sanchez (Col) Swapit Agolico", LookAt:=xlWhole, SearchOrder:=xlByRows, MatchCase:=False
Selection.Replace What:="Brenda* Santoyo*", Replacement:="Brenda Andrea Santoyo Perez (Mex) Swapit Agolico", LookAt:=xlWhole, SearchOrder:=xlByRows, MatchCase:=False
Selection.Replace What:="Jasmin* Soto*", Replacement:="Jasmin Gabriela Soto Lopez (Gua) Swapit Agolico", LookAt:=xlWhole, SearchOrder:=xlByRows, MatchCase:=False
Selection.Replace What:="Maria* Vargas*", Replacement:="Maria Jose Vargas Barrientos (CRc) Swapit Agolico", LookAt:=xlWhole, SearchOrder:=xlByRows, MatchCase:=False
Selection.Replace What:="Andere* Basterra*", Replacement:="Andere Basterra Aspe (Spa) Sopela Women's Team", LookAt:=xlWhole, SearchOrder:=xlByRows, MatchCase:=False
Selection.Replace What:="Iurani* Blanco*", Replacement:="Iurani Blanco Calbet (Spa) Sopela Women's Team", LookAt:=xlWhole, SearchOrder:=xlByRows, MatchCase:=False
Selection.Replace What:="Julia* Casas*", Replacement:="Julia Casas Codina (Spa) Sopela Women's Team", LookAt:=xlWhole, SearchOrder:=xlByRows, MatchCase:=False
Selection.Replace What:="Isabel* Ferreres*", Replacement:="Isabel Ferreres Navarro (Spa) Sopela Women's Team", LookAt:=xlWhole, SearchOrder:=xlByRows, MatchCase:=False
Selection.Replace What:="Amaia* Malatsetxebarria*", Replacement:="Amaia Malatsetxebarria Ibaibarriaga (Spa) Sopela Women's Team", LookAt:=xlWhole, SearchOrder:=xlByRows, MatchCase:=False
Selection.Replace What:="Sara* Martin*", Replacement:="Sara Martin Martin (Spa) Sopela Women's Team", LookAt:=xlWhole, SearchOrder:=xlByRows, MatchCase:=False
Selection.Replace What:="Maria* Martins*", Replacement:="Maria Martins (Por) Sopela Women's Team", LookAt:=xlWhole, SearchOrder:=xlByRows, MatchCase:=False
Selection.Replace What:="Alexandra* Moreno*", Replacement:="Alexandra Moreno Roca (Spa) Sopela Women's Team", LookAt:=xlWhole, SearchOrder:=xlByRows, MatchCase:=False
Selection.Replace What:="Mireia* Mu?oz*", Replacement:="Mireia Muñoz Perez (Spa) Sopela Women's Team", LookAt:=xlWhole, SearchOrder:=xlByRows, MatchCase:=False
Selection.Replace What:="Ariadna* Nevado*", Replacement:="Ariadna Nevado Gimeno (Spa) Sopela Women's Team", LookAt:=xlWhole, SearchOrder:=xlByRows, MatchCase:=False
Selection.Replace What:="Eln?* Owen*", Replacement:="Elné Owen (RSA) Sopela Women's Team", LookAt:=xlWhole, SearchOrder:=xlByRows, MatchCase:=False
Selection.Replace What:="Sofia* Rodriguez*", Replacement:="Sofia Rodriguez Revert (Spa) Sopela Women's Team", LookAt:=xlWhole, SearchOrder:=xlByRows, MatchCase:=False
Selection.Replace What:="Ariadna* Trias*", Replacement:="Ariadna Trias Jordan (Spa) Sopela Women's Team", LookAt:=xlWhole, SearchOrder:=xlByRows, MatchCase:=False
Selection.Replace What:="Mireia* Trias*", Replacement:="Mireia Trias Jordan (Spa) Sopela Women's Team", LookAt:=xlWhole, SearchOrder:=xlByRows, MatchCase:=False
Selection.Replace What:="Sofia* Arreola*", Replacement:="Sofia Arreola Navarro (Mex) Sho-Air Twenty20", LookAt:=xlWhole, SearchOrder:=xlByRows, MatchCase:=False
Selection.Replace What:="Simone* Boilard*", Replacement:="Simone Boilard (Can) Sho-Air Twenty20", LookAt:=xlWhole, SearchOrder:=xlByRows, MatchCase:=False
Selection.Replace What:="Erica* Clevenger*", Replacement:="Erica Clevenger (USA) Sho-Air Twenty20", LookAt:=xlWhole, SearchOrder:=xlByRows, MatchCase:=False
Selection.Replace What:="Margot* Clyne*", Replacement:="Margot Clyne (USA) Sho-Air Twenty20", LookAt:=xlWhole, SearchOrder:=xlByRows, MatchCase:=False
Selection.Replace What:="Allie* Dragoo*", Replacement:="Allie Dragoo (USA) Sho-Air Twenty20", LookAt:=xlWhole, SearchOrder:=xlByRows, MatchCase:=False
Selection.Replace What:="Jasmin* Duehring*", Replacement:="Jasmin Duehring (Can) Sho-Air Twenty20", LookAt:=xlWhole, SearchOrder:=xlByRows, MatchCase:=False
Selection.Replace What:="Chloe* Dygert*", Replacement:="Chloe Dygert (USA) Sho-Air Twenty20", LookAt:=xlWhole, SearchOrder:=xlByRows, MatchCase:=False
Selection.Replace What:="Jennifer* Luebke*", Replacement:="Jennifer Luebke (USA) Sho-Air Twenty20", LookAt:=xlWhole, SearchOrder:=xlByRows, MatchCase:=False
Selection.Replace What:="Shayna* Powless*", Replacement:="Shayna Powless (USA) Sho-Air Twenty20", LookAt:=xlWhole, SearchOrder:=xlByRows, MatchCase:=False
Selection.Replace What:="Stephanie* Roorda*", Replacement:="Stephanie Roorda (Can) Sho-Air Twenty20", LookAt:=xlWhole, SearchOrder:=xlByRows, MatchCase:=False
Selection.Replace What:="Jennifer* Valente*", Replacement:="Jennifer Valente (USA) Sho-Air Twenty20", LookAt:=xlWhole, SearchOrder:=xlByRows, MatchCase:=False
Selection.Replace What:="Melanie* Wong*", Replacement:="Melanie Wong (USA) Sho-Air Twenty20", LookAt:=xlWhole, SearchOrder:=xlByRows, MatchCase:=False
Selection.Replace What:="Audrey* *", Replacement:="Audrey Cordon Ragot (Fra) Trek-Segafredo Women", LookAt:=xlWhole, SearchOrder:=xlByRows, MatchCase:=False
Selection.Replace What:="Elizabeth* Deignan*", Replacement:="Elizabeth Deignan (GBr) Trek-Segafredo Women", LookAt:=xlWhole, SearchOrder:=xlByRows, MatchCase:=False
Selection.Replace What:="Lauretta* Hanson*", Replacement:="Lauretta Hanson (Aus) Trek-Segafredo Women", LookAt:=xlWhole, SearchOrder:=xlByRows, MatchCase:=False
Selection.Replace What:="Lotta* Lepist?*", Replacement:="Lotta Pauliina Lepistö (Fin) Trek-Segafredo Women", LookAt:=xlWhole, SearchOrder:=xlByRows, MatchCase:=False
Selection.Replace What:="Elisa* Longo Borghini*", Replacement:="Elisa Longo Borghini (Ita) Trek-Segafredo Women", LookAt:=xlWhole, SearchOrder:=xlByRows, MatchCase:=False
Selection.Replace What:="Jolanda* Neff*", Replacement:="Jolanda Neff (Swi) Trek-Segafredo Women", LookAt:=xlWhole, SearchOrder:=xlByRows, MatchCase:=False
Selection.Replace What:="Ellen* Noble*", Replacement:="Ellen Noble (USA) Trek-Segafredo Women", LookAt:=xlWhole, SearchOrder:=xlByRows, MatchCase:=False
Selection.Replace What:="Letizia* Paternoster*", Replacement:="Letizia Paternoster (Ita) Trek-Segafredo Women", LookAt:=xlWhole, SearchOrder:=xlByRows, MatchCase:=False
Selection.Replace What:="Anna* Plichta*", Replacement:="Anna Plichta (Pol) Trek-Segafredo Women", LookAt:=xlWhole, SearchOrder:=xlByRows, MatchCase:=False
Selection.Replace What:="Ellen* van Dijk*", Replacement:="Ellen van Dijk (Ned) Trek-Segafredo Women", LookAt:=xlWhole, SearchOrder:=xlByRows, MatchCase:=False
Selection.Replace What:="Abigail* Van Twisk*", Replacement:="Abigail Van Twisk (GBr) Trek-Segafredo Women", LookAt:=xlWhole, SearchOrder:=xlByRows, MatchCase:=False
Selection.Replace What:="Tayler* Wiles*", Replacement:="Tayler Wiles (USA) Trek-Segafredo Women", LookAt:=xlWhole, SearchOrder:=xlByRows, MatchCase:=False
Selection.Replace What:="Ruth* Winder*", Replacement:="Ruth Winder (USA) Trek-Segafredo Women", LookAt:=xlWhole, SearchOrder:=xlByRows, MatchCase:=False
Selection.Replace What:="Trixi* Worrack*", Replacement:="Trixi Worrack (Ger) Trek-Segafredo Women", LookAt:=xlWhole, SearchOrder:=xlByRows, MatchCase:=False
Selection.Replace What:="Lex* Albrecht*", Replacement:="Lex Albrecht (Can) Tibco-Silicon Valley Bank", LookAt:=xlWhole, SearchOrder:=xlByRows, MatchCase:=False
Selection.Replace What:="Nicolle* Bruderer*", Replacement:="Nicolle Bruderer Cofiño (Gua) Tibco-Silicon Valley Bank", LookAt:=xlWhole, SearchOrder:=xlByRows, MatchCase:=False
Selection.Replace What:="Brodie* Chapman*", Replacement:="Brodie Chapman (Aus) Tibco-Silicon Valley Bank", LookAt:=xlWhole, SearchOrder:=xlByRows, MatchCase:=False
Selection.Replace What:="Alice* Cobb*", Replacement:="Alice Cobb (GBr) Tibco-Silicon Valley Bank", LookAt:=xlWhole, SearchOrder:=xlByRows, MatchCase:=False
Selection.Replace What:="Ingrid* Drexel*", Replacement:="Ingrid Drexel Clouthier (Mex) Tibco-Silicon Valley Bank", LookAt:=xlWhole, SearchOrder:=xlByRows, MatchCase:=False
Selection.Replace What:="Megan* Guarnier*", Replacement:="Megan Guarnier (USA) Tibco-Silicon Valley Bank", LookAt:=xlWhole, SearchOrder:=xlByRows, MatchCase:=False
Selection.Replace What:="Alison* Jackson*", Replacement:="Alison Jackson (Can) Tibco-Silicon Valley Bank", LookAt:=xlWhole, SearchOrder:=xlByRows, MatchCase:=False
Selection.Replace What:="Nina* Kessler*", Replacement:="Nina Kessler (Ned) Tibco-Silicon Valley Bank", LookAt:=xlWhole, SearchOrder:=xlByRows, MatchCase:=False
Selection.Replace What:="Sharlotte* Lucas*", Replacement:="Sharlotte Lucas (NZl) Tibco-Silicon Valley Bank", LookAt:=xlWhole, SearchOrder:=xlByRows, MatchCase:=False
Selection.Replace What:="Shannon* Malseed*", Replacement:="Shannon Malseed (Aus) Tibco-Silicon Valley Bank", LookAt:=xlWhole, SearchOrder:=xlByRows, MatchCase:=False
Selection.Replace What:="Emily* Newsom*", Replacement:="Emily Newsom (USA) Tibco-Silicon Valley Bank", LookAt:=xlWhole, SearchOrder:=xlByRows, MatchCase:=False
Selection.Replace What:="Kendall* Ryan*", Replacement:="Kendall Ryan (USA) Tibco-Silicon Valley Bank", LookAt:=xlWhole, SearchOrder:=xlByRows, MatchCase:=False
Selection.Replace What:="Rozanne* Slik*", Replacement:="Rozanne Slik (Ned) Tibco-Silicon Valley Bank", LookAt:=xlWhole, SearchOrder:=xlByRows, MatchCase:=False
Selection.Replace What:="Lauren* Stephens*", Replacement:="Lauren Stephens (USA) Tibco-Silicon Valley Bank", LookAt:=xlWhole, SearchOrder:=xlByRows, MatchCase:=False
Selection.Replace What:="Elisa* *", Replacement:="Elisa Dalla Valle (Ita) Top Girls Fassa Bortolo", LookAt:=xlWhole, SearchOrder:=xlByRows, MatchCase:=False
Selection.Replace What:="Elena* Leonardi*", Replacement:="Elena Leonardi (Ita) Top Girls Fassa Bortolo", LookAt:=xlWhole, SearchOrder:=xlByRows, MatchCase:=False
Selection.Replace What:="Greta* Marturano*", Replacement:="Greta Marturano (Ita) Top Girls Fassa Bortolo", LookAt:=xlWhole, SearchOrder:=xlByRows, MatchCase:=False
Selection.Replace What:="Iris* Monticolo*", Replacement:="Iris Monticolo (Ita) Top Girls Fassa Bortolo", LookAt:=xlWhole, SearchOrder:=xlByRows, MatchCase:=False
Selection.Replace What:="Martina* Stefani*", Replacement:="Martina Stefani (Ita) Top Girls Fassa Bortolo", LookAt:=xlWhole, SearchOrder:=xlByRows, MatchCase:=False
Selection.Replace What:="Martina* Toffanin*", Replacement:="Martina Toffanin (Ita) Top Girls Fassa Bortolo", LookAt:=xlWhole, SearchOrder:=xlByRows, MatchCase:=False
Selection.Replace What:="Laura* Tomasi*", Replacement:="Laura Tomasi (Ita) Top Girls Fassa Bortolo", LookAt:=xlWhole, SearchOrder:=xlByRows, MatchCase:=False
Selection.Replace What:="Maja* Perinovic*", Replacement:="Maja Perinovic (Cro) Top Girls Fassa Bortolo", LookAt:=xlWhole, SearchOrder:=xlByRows, MatchCase:=False
Selection.Replace What:="Katrine* Aalerud*", Replacement:="Katrine Aalerud (Nor) Team Virtu Cycling", LookAt:=xlWhole, SearchOrder:=xlByRows, MatchCase:=False
Selection.Replace What:="Birgitte* Andersen*", Replacement:="Birgitte Andersen (Den) Team Virtu Cycling", LookAt:=xlWhole, SearchOrder:=xlByRows, MatchCase:=False
Selection.Replace What:="Marta* Bastianelli*", Replacement:="Marta Bastianelli (Ita) Team Virtu Cycling", LookAt:=xlWhole, SearchOrder:=xlByRows, MatchCase:=False
Selection.Replace What:="Sofia* Bertizzolo*", Replacement:="Sofia Bertizzolo (Ita) Team Virtu Cycling", LookAt:=xlWhole, SearchOrder:=xlByRows, MatchCase:=False
Selection.Replace What:="Barbara* Guarischi*", Replacement:="Barbara Guarischi (Ita) Team Virtu Cycling", LookAt:=xlWhole, SearchOrder:=xlByRows, MatchCase:=False
Selection.Replace What:="Louise* Hansen*", Replacement:="Louise Hansen (Den) Team Virtu Cycling", LookAt:=xlWhole, SearchOrder:=xlByRows, MatchCase:=False
Selection.Replace What:="Anouska* Koster*", Replacement:="Anouska Koster (Ned) Team Virtu Cycling", LookAt:=xlWhole, SearchOrder:=xlByRows, MatchCase:=False
Selection.Replace What:="Mieke* Kr?ger*", Replacement:="Mieke Kröger (Ger) Team Virtu Cycling", LookAt:=xlWhole, SearchOrder:=xlByRows, MatchCase:=False
Selection.Replace What:="Christina* Malling Siggaard*", Replacement:="Christina Malling Siggaard (Den) Team Virtu Cycling", LookAt:=xlWhole, SearchOrder:=xlByRows, MatchCase:=False
Selection.Replace What:="Emilie* Moberg*", Replacement:="Emilie Moberg (Nor) Team Virtu Cycling", LookAt:=xlWhole, SearchOrder:=xlByRows, MatchCase:=False
Selection.Replace What:="Rachel* Neylan*", Replacement:="Rachel Neylan (Aus) Team Virtu Cycling", LookAt:=xlWhole, SearchOrder:=xlByRows, MatchCase:=False
Selection.Replace What:="Katarzyna* Pawlowska*", Replacement:="Katarzyna Pawlowska (Pol) Team Virtu Cycling", LookAt:=xlWhole, SearchOrder:=xlByRows, MatchCase:=False
Selection.Replace What:="Sara* Penton*", Replacement:="Sara Penton (Swe) Team Virtu Cycling", LookAt:=xlWhole, SearchOrder:=xlByRows, MatchCase:=False
Selection.Replace What:="Trine* Schmidt*", Replacement:="Trine Schmidt (Den) Team Virtu Cycling", LookAt:=xlWhole, SearchOrder:=xlByRows, MatchCase:=False
Selection.Replace What:="Michela* Balducci*", Replacement:="Michela Balducci (Ita) Aromitalia-Basso Bikes-Vaiano", LookAt:=xlWhole, SearchOrder:=xlByRows, MatchCase:=False
Selection.Replace What:="Sofia* Beggin*", Replacement:="Sofia Beggin (Ita) Aromitalia-Basso Bikes-Vaiano", LookAt:=xlWhole, SearchOrder:=xlByRows, MatchCase:=False
Selection.Replace What:="Angelica* Brogi*", Replacement:="Angelica Brogi (Ita) Aromitalia-Basso Bikes-Vaiano", LookAt:=xlWhole, SearchOrder:=xlByRows, MatchCase:=False
Selection.Replace What:="Carmela* Cipriani*", Replacement:="Carmela Cipriani (Ita) Aromitalia-Basso Bikes-Vaiano", LookAt:=xlWhole, SearchOrder:=xlByRows, MatchCase:=False
Selection.Replace What:="Rasa* Leleivyte*", Replacement:="Rasa Leleivyte (Ltu) Aromitalia-Basso Bikes-Vaiano", LookAt:=xlWhole, SearchOrder:=xlByRows, MatchCase:=False
Selection.Replace What:="Giulia* Marchesini*", Replacement:="Giulia Marchesini (Ita) Aromitalia-Basso Bikes-Vaiano", LookAt:=xlWhole, SearchOrder:=xlByRows, MatchCase:=False
Selection.Replace What:="Emilia* Matteoli*", Replacement:="Emilia Matteoli (Ita) Aromitalia-Basso Bikes-Vaiano", LookAt:=xlWhole, SearchOrder:=xlByRows, MatchCase:=False
Selection.Replace What:="Nicole* Nesti*", Replacement:="Nicole Nesti (Ita) Aromitalia-Basso Bikes-Vaiano", LookAt:=xlWhole, SearchOrder:=xlByRows, MatchCase:=False
Selection.Replace What:="Gemma* Sernissi*", Replacement:="Gemma Sernissi (Ita) Aromitalia-Basso Bikes-Vaiano", LookAt:=xlWhole, SearchOrder:=xlByRows, MatchCase:=False
Selection.Replace What:="Alice* Arzuffi*", Replacement:="Alice Maria Arzuffi (Ita) Valcar-Cylance Cycling", LookAt:=xlWhole, SearchOrder:=xlByRows, MatchCase:=False
Selection.Replace What:="Elisa* Balsamo*", Replacement:="Elisa Balsamo (Ita) Valcar-Cylance Cycling", LookAt:=xlWhole, SearchOrder:=xlByRows, MatchCase:=False
Selection.Replace What:="Marta* Cavalli*", Replacement:="Marta Cavalli (Ita) Valcar-Cylance Cycling", LookAt:=xlWhole, SearchOrder:=xlByRows, MatchCase:=False
Selection.Replace What:="Maria Giulia* Confalonieri*", Replacement:="Maria Giulia Confalonieri (Ita) Valcar-Cylance Cycling", LookAt:=xlWhole, SearchOrder:=xlByRows, MatchCase:=False
Selection.Replace What:="Chiara* Consonni*", Replacement:="Chiara Consonni (Ita) Valcar-Cylance Cycling", LookAt:=xlWhole, SearchOrder:=xlByRows, MatchCase:=False
Selection.Replace What:="Vittoria* Guazzini*", Replacement:="Vittoria Guazzini (Ita) Valcar-Cylance Cycling", LookAt:=xlWhole, SearchOrder:=xlByRows, MatchCase:=False
Selection.Replace What:="Barbara* Malcotti*", Replacement:="Barbara Malcotti (Ita) Valcar-Cylance Cycling", LookAt:=xlWhole, SearchOrder:=xlByRows, MatchCase:=False
Selection.Replace What:="Dalia* Muccioli*", Replacement:="Dalia Muccioli (Ita) Valcar-Cylance Cycling", LookAt:=xlWhole, SearchOrder:=xlByRows, MatchCase:=False
Selection.Replace What:="Asja* Paladin*", Replacement:="Asja Paladin (Ita) Valcar-Cylance Cycling", LookAt:=xlWhole, SearchOrder:=xlByRows, MatchCase:=False
Selection.Replace What:="Silvia* Persico*", Replacement:="Silvia Persico (Ita) Valcar-Cylance Cycling", LookAt:=xlWhole, SearchOrder:=xlByRows, MatchCase:=False
Selection.Replace What:="Silvia* Pollicini*", Replacement:="Silvia Pollicini (Ita) Valcar-Cylance Cycling", LookAt:=xlWhole, SearchOrder:=xlByRows, MatchCase:=False
Selection.Replace What:="Ilaria* Sanguineti*", Replacement:="Ilaria Sanguineti (Ita) Valcar-Cylance Cycling", LookAt:=xlWhole, SearchOrder:=xlByRows, MatchCase:=False
Selection.Replace What:="Miriam* Vece*", Replacement:="Miriam Vece (Ita) Valcar-Cylance Cycling", LookAt:=xlWhole, SearchOrder:=xlByRows, MatchCase:=False
Selection.Replace What:="Alessia* Vigilia*", Replacement:="Alessia Vigilia (Ita) Valcar-Cylance Cycling", LookAt:=xlWhole, SearchOrder:=xlByRows, MatchCase:=False
Selection.Replace What:="Laura* Asencio*", Replacement:="Laura Asencio (Fra) WNT-Rotor Pro Cycling", LookAt:=xlWhole, SearchOrder:=xlByRows, MatchCase:=False
Selection.Replace What:="Anna* Badegruber*", Replacement:="Anna Badegruber (Aut) WNT-Rotor Pro Cycling", LookAt:=xlWhole, SearchOrder:=xlByRows, MatchCase:=False
Selection.Replace What:="Lisa* Brennauer*", Replacement:="Lisa Brennauer (Ger) WNT-Rotor Pro Cycling", LookAt:=xlWhole, SearchOrder:=xlByRows, MatchCase:=False
Selection.Replace What:="Kathrin* Hammes*", Replacement:="Kathrin Hammes (Ger) WNT-Rotor Pro Cycling", LookAt:=xlWhole, SearchOrder:=xlByRows, MatchCase:=False
Selection.Replace What:="Clara* Koppenburg*", Replacement:="Clara Koppenburg (Ger) WNT-Rotor Pro Cycling", LookAt:=xlWhole, SearchOrder:=xlByRows, MatchCase:=False
Selection.Replace What:="Claudia* Koster*", Replacement:="Claudia Koster (Ned) WNT-Rotor Pro Cycling", LookAt:=xlWhole, SearchOrder:=xlByRows, MatchCase:=False
Selection.Replace What:="Erica* Magnaldi*", Replacement:="Erica Magnaldi (Ita) WNT-Rotor Pro Cycling", LookAt:=xlWhole, SearchOrder:=xlByRows, MatchCase:=False
Selection.Replace What:="Gabrielle* Pilote?Fortin*", Replacement:="Gabrielle Pilote-Fortin (Can) WNT-Rotor Pro Cycling", LookAt:=xlWhole, SearchOrder:=xlByRows, MatchCase:=False
Selection.Replace What:="Sarah* Rijkes*", Replacement:="Sarah Rijkes (Aut) WNT-Rotor Pro Cycling", LookAt:=xlWhole, SearchOrder:=xlByRows, MatchCase:=False
Selection.Replace What:="Ane* Santesteban*", Replacement:="Ane Santesteban Gonzalez (Spa) WNT-Rotor Pro Cycling", LookAt:=xlWhole, SearchOrder:=xlByRows, MatchCase:=False
Selection.Replace What:="Aafke* Soet*", Replacement:="Aafke Soet (Ned) WNT-Rotor Pro Cycling", LookAt:=xlWhole, SearchOrder:=xlByRows, MatchCase:=False
Selection.Replace What:="Lea Lin* Teutenberg*", Replacement:="Lea Lin Teutenberg (Ger) WNT-Rotor Pro Cycling", LookAt:=xlWhole, SearchOrder:=xlByRows, MatchCase:=False
Selection.Replace What:="Lara* Vieceli*", Replacement:="Lara Vieceli (Ita) WNT-Rotor Pro Cycling", LookAt:=xlWhole, SearchOrder:=xlByRows, MatchCase:=False
Selection.Replace What:="Kirsten* Wild*", Replacement:="Kirsten Wild (Ned) WNT-Rotor Pro Cycling", LookAt:=xlWhole, SearchOrder:=xlByRows, MatchCase:=False
Selection.Replace What:="Yue* Bai*", Replacement:="Yue Bai (Chn) Gapyeong Cycling Team", LookAt:=xlWhole, SearchOrder:=xlByRows, MatchCase:=False
Selection.Replace What:="Qiaolin* Chen*", Replacement:="Qiaolin Chen (Chn) Gapyeong Cycling Team", LookAt:=xlWhole, SearchOrder:=xlByRows, MatchCase:=False
Selection.Replace What:="Jiaqi* Li*", Replacement:="Jiaqi Li (Chn) Gapyeong Cycling Team", LookAt:=xlWhole, SearchOrder:=xlByRows, MatchCase:=False
Selection.Replace What:="Hongyu* Liang*", Replacement:="Hongyu Liang (Chn) Gapyeong Cycling Team", LookAt:=xlWhole, SearchOrder:=xlByRows, MatchCase:=False
Selection.Replace What:="Dexiang* Liu*", Replacement:="Dexiang Liu (Chn) Gapyeong Cycling Team", LookAt:=xlWhole, SearchOrder:=xlByRows, MatchCase:=False
Selection.Replace What:="Jiali* Liu*", Replacement:="Jiali Liu (Chn) Gapyeong Cycling Team", LookAt:=xlWhole, SearchOrder:=xlByRows, MatchCase:=False
Selection.Replace What:="Mei* Lu*", Replacement:="Mei Lu (Chn) Gapyeong Cycling Team", LookAt:=xlWhole, SearchOrder:=xlByRows, MatchCase:=False
Selection.Replace What:="Siying* Lu*", Replacement:="Siying Lu (Chn) Gapyeong Cycling Team", LookAt:=xlWhole, SearchOrder:=xlByRows, MatchCase:=False
Selection.Replace What:="Zhaojuan* Meng*", Replacement:="Zhaojuan Meng (HKg) Gapyeong Cycling Team", LookAt:=xlWhole, SearchOrder:=xlByRows, MatchCase:=False
Selection.Replace What:="Wu* Peixiao*", Replacement:="Wu Peixiao (Chn) Gapyeong Cycling Team", LookAt:=xlWhole, SearchOrder:=xlByRows, MatchCase:=False
Selection.Replace What:="Yixian* Pu*", Replacement:="Yixian Pu (Chn) Gapyeong Cycling Team", LookAt:=xlWhole, SearchOrder:=xlByRows, MatchCase:=False
Selection.Replace What:="Xi Sha* Zhao*", Replacement:="Xi Sha Zhao (Chn) Gapyeong Cycling Team", LookAt:=xlWhole, SearchOrder:=xlByRows, MatchCase:=False
Selection.Replace What:="Anastasiya* Dzedzikava*", Replacement:="Anastasiya Dzedzikava (Blr) Minsk Cycling Club", LookAt:=xlWhole, SearchOrder:=xlByRows, MatchCase:=False
Selection.Replace What:="Nastassia* Kiptsikava*", Replacement:="Nastassia Kiptsikava (Blr) Minsk Cycling Club", LookAt:=xlWhole, SearchOrder:=xlByRows, MatchCase:=False
Selection.Replace What:="Taisa* Naskovich*", Replacement:="Taisa Naskovich (Blr) Minsk Cycling Club", LookAt:=xlWhole, SearchOrder:=xlByRows, MatchCase:=False
Selection.Replace What:="Polina* Pivovarova*", Replacement:="Polina Pivovarova (Blr) Minsk Cycling Club", LookAt:=xlWhole, SearchOrder:=xlByRows, MatchCase:=False
Selection.Replace What:="Ina* Savenka*", Replacement:="Ina Savenka (Blr) Minsk Cycling Club", LookAt:=xlWhole, SearchOrder:=xlByRows, MatchCase:=False
Selection.Replace What:="Karalina* Savenka*", Replacement:="Karalina Savenka (Blr) Minsk Cycling Club", LookAt:=xlWhole, SearchOrder:=xlByRows, MatchCase:=False
Selection.Replace What:="Tatsiana* Sharakova*", Replacement:="Tatsiana Sharakova (Blr) Minsk Cycling Club", LookAt:=xlWhole, SearchOrder:=xlByRows, MatchCase:=False
Selection.Replace What:="Hanna* Tserakh*", Replacement:="Hanna Tserakh (Blr) Minsk Cycling Club", LookAt:=xlWhole, SearchOrder:=xlByRows, MatchCase:=False
