Selection.Replace What:="Romain* Bardet*", Replacement:="Romain Bardet (Fra) AG2R La Mondiale", LookAt:=xlWhole, SearchOrder:=xlByRows, MatchCase:=False
Selection.Replace What:="Fran?ois* Bidard*", Replacement:="François Bidard (Fra) AG2R La Mondiale", LookAt:=xlWhole, SearchOrder:=xlByRows, MatchCase:=False
Selection.Replace What:="Geoffrey* Bouchard*", Replacement:="Geoffrey Bouchard (Fra) AG2R La Mondiale", LookAt:=xlWhole, SearchOrder:=xlByRows, MatchCase:=False
Selection.Replace What:="Mikael* Cherel*", Replacement:="Mikael Cherel (Fra) AG2R La Mondiale", LookAt:=xlWhole, SearchOrder:=xlByRows, MatchCase:=False
Selection.Replace What:="Cl?ment* Chevrier*", Replacement:="Clément Chevrier (Fra) AG2R La Mondiale", LookAt:=xlWhole, SearchOrder:=xlByRows, MatchCase:=False
Selection.Replace What:="Benoit* Cosnefroy*", Replacement:="Benoit Cosnefroy (Fra) AG2R La Mondiale", LookAt:=xlWhole, SearchOrder:=xlByRows, MatchCase:=False
Selection.Replace What:="Nico* Denz*", Replacement:="Nico Denz (Ger) AG2R La Mondiale", LookAt:=xlWhole, SearchOrder:=xlByRows, MatchCase:=False
Selection.Replace What:="Silvan* Dillier*", Replacement:="Silvan Dillier (Swi) AG2R La Mondiale", LookAt:=xlWhole, SearchOrder:=xlByRows, MatchCase:=False
Selection.Replace What:="Axel* Domont*", Replacement:="Axel Domont (Fra) AG2R La Mondiale", LookAt:=xlWhole, SearchOrder:=xlByRows, MatchCase:=False
Selection.Replace What:="Samuel* Dumoulin*", Replacement:="Samuel Dumoulin (Fra) AG2R La Mondiale", LookAt:=xlWhole, SearchOrder:=xlByRows, MatchCase:=False
Selection.Replace What:="Hubert* Dupont*", Replacement:="Hubert Dupont (Fra) AG2R La Mondiale", LookAt:=xlWhole, SearchOrder:=xlByRows, MatchCase:=False
Selection.Replace What:="Julien* Duval*", Replacement:="Julien Duval (Fra) AG2R La Mondiale", LookAt:=xlWhole, SearchOrder:=xlByRows, MatchCase:=False
Selection.Replace What:="Mathias* Frank*", Replacement:="Mathias Frank (Swi) AG2R La Mondiale", LookAt:=xlWhole, SearchOrder:=xlByRows, MatchCase:=False
Selection.Replace What:="Tony* Gallopin*", Replacement:="Tony Gallopin (Fra) AG2R La Mondiale", LookAt:=xlWhole, SearchOrder:=xlByRows, MatchCase:=False
Selection.Replace What:="Ben* Gastauer*", Replacement:="Ben Gastauer (Lux) AG2R La Mondiale", LookAt:=xlWhole, SearchOrder:=xlByRows, MatchCase:=False
Selection.Replace What:="Bagdonas* Gediminas*", Replacement:="Bagdonas Gediminas (Ltu) AG2R La Mondiale", LookAt:=xlWhole, SearchOrder:=xlByRows, MatchCase:=False
Selection.Replace What:="Alexandre* Geniez*", Replacement:="Alexandre Geniez (Fra) AG2R La Mondiale", LookAt:=xlWhole, SearchOrder:=xlByRows, MatchCase:=False
Selection.Replace What:="Dorian* Godon*", Replacement:="Dorian Godon (Fra) AG2R La Mondiale", LookAt:=xlWhole, SearchOrder:=xlByRows, MatchCase:=False
Selection.Replace What:="Alexis* Gougeard*", Replacement:="Alexis Gougeard (Fra) AG2R La Mondiale", LookAt:=xlWhole, SearchOrder:=xlByRows, MatchCase:=False
Selection.Replace What:="Quentin* Jauregui*", Replacement:="Quentin Jauregui (Fra) AG2R La Mondiale", LookAt:=xlWhole, SearchOrder:=xlByRows, MatchCase:=False
Selection.Replace What:="Pierre* Latour*", Replacement:="Pierre Latour (Fra) AG2R La Mondiale", LookAt:=xlWhole, SearchOrder:=xlByRows, MatchCase:=False
Selection.Replace What:="Oliver* Naesen*", Replacement:="Oliver Naesen (Bel) AG2R La Mondiale", LookAt:=xlWhole, SearchOrder:=xlByRows, MatchCase:=False
Selection.Replace What:="Aur?lien* Paret Peintre*", Replacement:="Aurélien Paret Peintre (Fra) AG2R La Mondiale", LookAt:=xlWhole, SearchOrder:=xlByRows, MatchCase:=False
Selection.Replace What:="Nans* Peters*", Replacement:="Nans Peters (Fra) AG2R La Mondiale", LookAt:=xlWhole, SearchOrder:=xlByRows, MatchCase:=False
Selection.Replace What:="Stijn* Vandenbergh*", Replacement:="Stijn Vandenbergh (Bel) AG2R La Mondiale", LookAt:=xlWhole, SearchOrder:=xlByRows, MatchCase:=False
Selection.Replace What:="Clement* Venturini*", Replacement:="Clement Venturini (Fra) AG2R La Mondiale", LookAt:=xlWhole, SearchOrder:=xlByRows, MatchCase:=False
Selection.Replace What:="Alexis* Vuillermoz*", Replacement:="Alexis Vuillermoz (Fra) AG2R La Mondiale", LookAt:=xlWhole, SearchOrder:=xlByRows, MatchCase:=False
Selection.Replace What:="Lawrence* Warbasse*", Replacement:="Lawrence Warbasse (USA) AG2R La Mondiale", LookAt:=xlWhole, SearchOrder:=xlByRows, MatchCase:=False
Selection.Replace What:="Jan* Hirt*", Replacement:="Jan Hirt (Cze) Astana Pro Team", LookAt:=xlWhole, SearchOrder:=xlByRows, MatchCase:=False
Selection.Replace What:="Davide* Ballerini*", Replacement:="Davide Ballerini (Ita) Astana Pro Team", LookAt:=xlWhole, SearchOrder:=xlByRows, MatchCase:=False
Selection.Replace What:="Pello* Bilbao*", Replacement:="Pello Bilbao Lopez de Armentia (Spa) Astana Pro Team", LookAt:=xlWhole, SearchOrder:=xlByRows, MatchCase:=False
Selection.Replace What:="Zhandos* Bizhigitov*", Replacement:="Zhandos Bizhigitov (Kaz) Astana Pro Team", LookAt:=xlWhole, SearchOrder:=xlByRows, MatchCase:=False
Selection.Replace What:="Manuele* Boaro*", Replacement:="Manuele Boaro (Ita) Astana Pro Team", LookAt:=xlWhole, SearchOrder:=xlByRows, MatchCase:=False
Selection.Replace What:="Hernando* Bohorquez*", Replacement:="Hernando Bohorquez Sanchez (Col) Astana Pro Team", LookAt:=xlWhole, SearchOrder:=xlByRows, MatchCase:=False
Selection.Replace What:="Dario* Cataldo*", Replacement:="Dario Cataldo (Ita) Astana Pro Team", LookAt:=xlWhole, SearchOrder:=xlByRows, MatchCase:=False
Selection.Replace What:="Rodrigo* Contreras*", Replacement:="Rodrigo Contreras Pinzon (Col) Astana Pro Team", LookAt:=xlWhole, SearchOrder:=xlByRows, MatchCase:=False
Selection.Replace What:="Laurens* De Vreese*", Replacement:="Laurens De Vreese (Bel) Astana Pro Team", LookAt:=xlWhole, SearchOrder:=xlByRows, MatchCase:=False
Selection.Replace What:="Daniil* Fominykh*", Replacement:="Daniil Fominykh (Kaz) Astana Pro Team", LookAt:=xlWhole, SearchOrder:=xlByRows, MatchCase:=False
Selection.Replace What:="Omar* Fraile*", Replacement:="Omar Fraile Matarranz (Spa) Astana Pro Team", LookAt:=xlWhole, SearchOrder:=xlByRows, MatchCase:=False
Selection.Replace What:="Jakob* Fuglsang*", Replacement:="Jakob Fuglsang (Den) Astana Pro Team", LookAt:=xlWhole, SearchOrder:=xlByRows, MatchCase:=False
Selection.Replace What:="Yevgeniy* Gidich*", Replacement:="Yevgeniy Gidich (Kaz) Astana Pro Team", LookAt:=xlWhole, SearchOrder:=xlByRows, MatchCase:=False
Selection.Replace What:="Jonas* Gregaard Wilsly*", Replacement:="Jonas Gregaard Wilsly (Den) Astana Pro Team", LookAt:=xlWhole, SearchOrder:=xlByRows, MatchCase:=False
Selection.Replace What:="Dmitriy* Gruzdev*", Replacement:="Dmitriy Gruzdev (Kaz) Astana Pro Team", LookAt:=xlWhole, SearchOrder:=xlByRows, MatchCase:=False
Selection.Replace What:="Hugo* Houle*", Replacement:="Hugo Houle (Can) Astana Pro Team", LookAt:=xlWhole, SearchOrder:=xlByRows, MatchCase:=False
Selection.Replace What:="Gorka* Izagirre*", Replacement:="Gorka Izagirre Insausti (Spa) Astana Pro Team", LookAt:=xlWhole, SearchOrder:=xlByRows, MatchCase:=False
Selection.Replace What:="Ion* Izagirre*", Replacement:="Ion Izagirre Insausti (Spa) Astana Pro Team", LookAt:=xlWhole, SearchOrder:=xlByRows, MatchCase:=False
Selection.Replace What:="Bakhtiyar* Kozhatayev*", Replacement:="Bakhtiyar Kozhatayev (Kaz) Astana Pro Team", LookAt:=xlWhole, SearchOrder:=xlByRows, MatchCase:=False
Selection.Replace What:="Merhawi* Kudus*", Replacement:="Merhawi Kudus (Eri) Astana Pro Team", LookAt:=xlWhole, SearchOrder:=xlByRows, MatchCase:=False
Selection.Replace What:="Miguel Angel* Lopez*", Replacement:="Miguel Angel Lopez Moreno (Col) Astana Pro Team", LookAt:=xlWhole, SearchOrder:=xlByRows, MatchCase:=False
Selection.Replace What:="Alexey* Lutsenko*", Replacement:="Alexey Lutsenko (Kaz) Astana Pro Team", LookAt:=xlWhole, SearchOrder:=xlByRows, MatchCase:=False
Selection.Replace What:="Yuriy* Natarov*", Replacement:="Yuriy Natarov (Kaz) Astana Pro Team", LookAt:=xlWhole, SearchOrder:=xlByRows, MatchCase:=False
Selection.Replace What:="Magnus* Nielsen*", Replacement:="Magnus Cort Nielsen (Den) Astana Pro Team", LookAt:=xlWhole, SearchOrder:=xlByRows, MatchCase:=False
Selection.Replace What:="Luis Le?n* Sanchez*", Replacement:="Luis León Sanchez (Spa) Astana Pro Team", LookAt:=xlWhole, SearchOrder:=xlByRows, MatchCase:=False
Selection.Replace What:="Nikita* Stalnov*", Replacement:="Nikita Stalnov (Kaz) Astana Pro Team", LookAt:=xlWhole, SearchOrder:=xlByRows, MatchCase:=False
Selection.Replace What:="Davide* Villella*", Replacement:="Davide Villella (Ita) Astana Pro Team", LookAt:=xlWhole, SearchOrder:=xlByRows, MatchCase:=False
Selection.Replace What:="Artyom* Zakharov*", Replacement:="Artyom Zakharov (Kaz) Astana Pro Team", LookAt:=xlWhole, SearchOrder:=xlByRows, MatchCase:=False
Selection.Replace What:="Andrey* Zeits*", Replacement:="Andrey Zeits (Kaz) Astana Pro Team", LookAt:=xlWhole, SearchOrder:=xlByRows, MatchCase:=False
Selection.Replace What:="Erik* Baska*", Replacement:="Erik Baska (Svk) Bora-Hansgrohe", LookAt:=xlWhole, SearchOrder:=xlByRows, MatchCase:=False
Selection.Replace What:="Juraj* Sagan*", Replacement:="Juraj Sagan (Svk) Bora-Hansgrohe", LookAt:=xlWhole, SearchOrder:=xlByRows, MatchCase:=False
Selection.Replace What:="Peter* Sagan*", Replacement:="Peter Sagan (Svk) Bora-Hansgrohe", LookAt:=xlWhole, SearchOrder:=xlByRows, MatchCase:=False
Selection.Replace What:="Leopold* Konig*", Replacement:="Leopold Konig (Cze) Bora-Hansgrohe", LookAt:=xlWhole, SearchOrder:=xlByRows, MatchCase:=False
Selection.Replace What:="Pascal* Ackermann*", Replacement:="Pascal Ackermann (Ger) Bora-Hansgrohe", LookAt:=xlWhole, SearchOrder:=xlByRows, MatchCase:=False
Selection.Replace What:="Cesare* Benedetti*", Replacement:="Cesare Benedetti (Ita) Bora-Hansgrohe", LookAt:=xlWhole, SearchOrder:=xlByRows, MatchCase:=False
Selection.Replace What:="Sam* Bennett*", Replacement:="Sam Bennett (Irl) Bora-Hansgrohe", LookAt:=xlWhole, SearchOrder:=xlByRows, MatchCase:=False
Selection.Replace What:="Maciej* Bodnar*", Replacement:="Maciej Bodnar (Pol) Bora-Hansgrohe", LookAt:=xlWhole, SearchOrder:=xlByRows, MatchCase:=False
Selection.Replace What:="Emanuel* Buchmann*", Replacement:="Emanuel Buchmann (Ger) Bora-Hansgrohe", LookAt:=xlWhole, SearchOrder:=xlByRows, MatchCase:=False
Selection.Replace What:="Marcus* Burghardt*", Replacement:="Marcus Burghardt (Ger) Bora-Hansgrohe", LookAt:=xlWhole, SearchOrder:=xlByRows, MatchCase:=False
Selection.Replace What:="Jean?Pierre* Drucker*", Replacement:="Jean-Pierre Drucker (Lux) Bora-Hansgrohe", LookAt:=xlWhole, SearchOrder:=xlByRows, MatchCase:=False
Selection.Replace What:="Davide* Formolo*", Replacement:="Davide Formolo (Ita) Bora-Hansgrohe", LookAt:=xlWhole, SearchOrder:=xlByRows, MatchCase:=False
Selection.Replace What:="Oscar* Gatto*", Replacement:="Oscar Gatto (Ita) Bora-Hansgrohe", LookAt:=xlWhole, SearchOrder:=xlByRows, MatchCase:=False
Selection.Replace What:="Felix* Grossschartner*", Replacement:="Felix Grossschartner (Aut) Bora-Hansgrohe", LookAt:=xlWhole, SearchOrder:=xlByRows, MatchCase:=False
Selection.Replace What:="Peter* Kennaugh*", Replacement:="Peter Kennaugh (GBr) Bora-Hansgrohe", LookAt:=xlWhole, SearchOrder:=xlByRows, MatchCase:=False
Selection.Replace What:="Patrick* Konrad*", Replacement:="Patrick Konrad (Aut) Bora-Hansgrohe", LookAt:=xlWhole, SearchOrder:=xlByRows, MatchCase:=False
Selection.Replace What:="Rafal* Majka*", Replacement:="Rafal Majka (Pol) Bora-Hansgrohe", LookAt:=xlWhole, SearchOrder:=xlByRows, MatchCase:=False
Selection.Replace What:="Jay* Mc Carthy*", Replacement:="Jay Mc Carthy (Aus) Bora-Hansgrohe", LookAt:=xlWhole, SearchOrder:=xlByRows, MatchCase:=False
Selection.Replace What:="Gregor* M?hlberger*", Replacement:="Gregor Mühlberger (Aut) Bora-Hansgrohe", LookAt:=xlWhole, SearchOrder:=xlByRows, MatchCase:=False
Selection.Replace What:="Daniel* Oss*", Replacement:="Daniel Oss (Ita) Bora-Hansgrohe", LookAt:=xlWhole, SearchOrder:=xlByRows, MatchCase:=False
Selection.Replace What:="Christoph* Pfingsten*", Replacement:="Christoph Pfingsten (Ger) Bora-Hansgrohe", LookAt:=xlWhole, SearchOrder:=xlByRows, MatchCase:=False
Selection.Replace What:="Pawel* Poljanski*", Replacement:="Pawel Poljanski (Pol) Bora-Hansgrohe", LookAt:=xlWhole, SearchOrder:=xlByRows, MatchCase:=False
Selection.Replace What:="Lukas* P?stlberger*", Replacement:="Lukas Pöstlberger (Aut) Bora-Hansgrohe", LookAt:=xlWhole, SearchOrder:=xlByRows, MatchCase:=False
Selection.Replace What:="Maximilian* Schachmann*", Replacement:="Maximilian Schachmann (Ger) Bora-Hansgrohe", LookAt:=xlWhole, SearchOrder:=xlByRows, MatchCase:=False
Selection.Replace What:="Andreas* Schillinger*", Replacement:="Andreas Schillinger (Ger) Bora-Hansgrohe", LookAt:=xlWhole, SearchOrder:=xlByRows, MatchCase:=False
Selection.Replace What:="Michael* Schwarzmann*", Replacement:="Michael Schwarzmann (Ger) Bora-Hansgrohe", LookAt:=xlWhole, SearchOrder:=xlByRows, MatchCase:=False
Selection.Replace What:="R?diger* Selig*", Replacement:="Rüdiger Selig (Ger) Bora-Hansgrohe", LookAt:=xlWhole, SearchOrder:=xlByRows, MatchCase:=False
Selection.Replace What:="Josef* Cern?*", Replacement:="Josef Cerný (Cze) CCC Team", LookAt:=xlWhole, SearchOrder:=xlByRows, MatchCase:=False
Selection.Replace What:="Amaro* Antunes*", Replacement:="Amaro Antunes (Por) CCC Team", LookAt:=xlWhole, SearchOrder:=xlByRows, MatchCase:=False
Selection.Replace What:="William* Barta*", Replacement:="William Barta (USA) CCC Team", LookAt:=xlWhole, SearchOrder:=xlByRows, MatchCase:=False
Selection.Replace What:="Pawel* Bernas*", Replacement:="Pawel Bernas (Pol) CCC Team", LookAt:=xlWhole, SearchOrder:=xlByRows, MatchCase:=False
Selection.Replace What:="Patrick* Bevin*", Replacement:="Patrick Bevin (NZl) CCC Team", LookAt:=xlWhole, SearchOrder:=xlByRows, MatchCase:=False
Selection.Replace What:="Victor* De La Parte*", Replacement:="Victor De La Parte (Spa) CCC Team", LookAt:=xlWhole, SearchOrder:=xlByRows, MatchCase:=False
Selection.Replace What:="Alessandro* De Marchi*", Replacement:="Alessandro De Marchi (Ita) CCC Team", LookAt:=xlWhole, SearchOrder:=xlByRows, MatchCase:=False
Selection.Replace What:="Simon* Geschke*", Replacement:="Simon Geschke (Ger) CCC Team", LookAt:=xlWhole, SearchOrder:=xlByRows, MatchCase:=False
Selection.Replace What:="Kamil* Gradek*", Replacement:="Kamil Gradek (Pol) CCC Team", LookAt:=xlWhole, SearchOrder:=xlByRows, MatchCase:=False
Selection.Replace What:="Jakub* Mareczko*", Replacement:="Jakub Mareczko (Ita) CCC Team", LookAt:=xlWhole, SearchOrder:=xlByRows, MatchCase:=False
Selection.Replace What:="Lukasz* Owsian*", Replacement:="Lukasz Owsian (Pol) CCC Team", LookAt:=xlWhole, SearchOrder:=xlByRows, MatchCase:=False
Selection.Replace What:="Serge* Pauwels*", Replacement:="Serge Pauwels (Bel) CCC Team", LookAt:=xlWhole, SearchOrder:=xlByRows, MatchCase:=False
Selection.Replace What:="Joseph* Rosskopf*", Replacement:="Joseph Rosskopf (USA) CCC Team", LookAt:=xlWhole, SearchOrder:=xlByRows, MatchCase:=False
Selection.Replace What:="Szymon* Sajnok*", Replacement:="Szymon Sajnok (Pol) CCC Team", LookAt:=xlWhole, SearchOrder:=xlByRows, MatchCase:=False
Selection.Replace What:="Michael* Sch?r*", Replacement:="Michael Schär (Swi) CCC Team", LookAt:=xlWhole, SearchOrder:=xlByRows, MatchCase:=False
Selection.Replace What:="Laurens* ten Dam*", Replacement:="Laurens ten Dam (Ned) CCC Team", LookAt:=xlWhole, SearchOrder:=xlByRows, MatchCase:=False
Selection.Replace What:="Greg* Van Avermaet*", Replacement:="Greg Van Avermaet (Bel) CCC Team", LookAt:=xlWhole, SearchOrder:=xlByRows, MatchCase:=False
Selection.Replace What:="Gijs* Van Hoecke*", Replacement:="Gijs Van Hoecke (Bel) CCC Team", LookAt:=xlWhole, SearchOrder:=xlByRows, MatchCase:=False
Selection.Replace What:="Nathan* Van Hooydonck*", Replacement:="Nathan Van Hooydonck (Bel) CCC Team", LookAt:=xlWhole, SearchOrder:=xlByRows, MatchCase:=False
Selection.Replace What:="Guillaume* Van Keirsbulck*", Replacement:="Guillaume Van Keirsbulck (Bel) CCC Team", LookAt:=xlWhole, SearchOrder:=xlByRows, MatchCase:=False
Selection.Replace What:="Francisco* Ventoso*", Replacement:="Francisco Jose Ventoso Alberdi (Spa) CCC Team", LookAt:=xlWhole, SearchOrder:=xlByRows, MatchCase:=False
Selection.Replace What:="Lukasz* Wisniowski*", Replacement:="Lukasz Wisniowski (Pol) CCC Team", LookAt:=xlWhole, SearchOrder:=xlByRows, MatchCase:=False
Selection.Replace What:="Riccardo* Zoidl*", Replacement:="Riccardo Zoidl (Aut) CCC Team", LookAt:=xlWhole, SearchOrder:=xlByRows, MatchCase:=False
Selection.Replace What:="Zdenek* ?tybar*", Replacement:="Zdenek Štybar (Cze) Deceuninck-QuickStep", LookAt:=xlWhole, SearchOrder:=xlByRows, MatchCase:=False
Selection.Replace What:="Petr* Vako?*", Replacement:="Petr Vakoč (Cze) Deceuninck-QuickStep", LookAt:=xlWhole, SearchOrder:=xlByRows, MatchCase:=False
Selection.Replace What:="Julian* Alaphilippe*", Replacement:="Julian Alaphilippe (Fra) Deceuninck-QuickStep", LookAt:=xlWhole, SearchOrder:=xlByRows, MatchCase:=False
Selection.Replace What:="Kasper* Asgreen*", Replacement:="Kasper Asgreen (Den) Deceuninck-QuickStep", LookAt:=xlWhole, SearchOrder:=xlByRows, MatchCase:=False
Selection.Replace What:="Eros* Capecchi*", Replacement:="Eros Capecchi (Ita) Deceuninck-QuickStep", LookAt:=xlWhole, SearchOrder:=xlByRows, MatchCase:=False
Selection.Replace What:="R?mi* Cavagna*", Replacement:="Rémi Cavagna (Fra) Deceuninck-QuickStep", LookAt:=xlWhole, SearchOrder:=xlByRows, MatchCase:=False
Selection.Replace What:="Tim* Declercq*", Replacement:="Tim Declercq (Bel) Deceuninck-QuickStep", LookAt:=xlWhole, SearchOrder:=xlByRows, MatchCase:=False
Selection.Replace What:="Dries* Devenyns*", Replacement:="Dries Devenyns (Bel) Deceuninck-QuickStep", LookAt:=xlWhole, SearchOrder:=xlByRows, MatchCase:=False
Selection.Replace What:="Remco* Evenepoel*", Replacement:="Remco Evenepoel (Bel) Deceuninck-QuickStep", LookAt:=xlWhole, SearchOrder:=xlByRows, MatchCase:=False
Selection.Replace What:="Philippe* Gilbert*", Replacement:="Philippe Gilbert (Bel) Deceuninck-QuickStep", LookAt:=xlWhole, SearchOrder:=xlByRows, MatchCase:=False
Selection.Replace What:="Alvaro* Hodeg*", Replacement:="Alvaro Jose Hodeg Chagui (Col) Deceuninck-QuickStep", LookAt:=xlWhole, SearchOrder:=xlByRows, MatchCase:=False
Selection.Replace What:="Mikkel* Honor?*", Replacement:="Mikkel Frølich Honoré (Den) Deceuninck-QuickStep", LookAt:=xlWhole, SearchOrder:=xlByRows, MatchCase:=False
Selection.Replace What:="Fabio* Jakobsen*", Replacement:="Fabio Jakobsen (Ned) Deceuninck-QuickStep", LookAt:=xlWhole, SearchOrder:=xlByRows, MatchCase:=False
Selection.Replace What:="Bob* Jungels*", Replacement:="Bob Jungels (Lux) Deceuninck-QuickStep", LookAt:=xlWhole, SearchOrder:=xlByRows, MatchCase:=False
Selection.Replace What:="Iljo* Keisse*", Replacement:="Iljo Keisse (Bel) Deceuninck-QuickStep", LookAt:=xlWhole, SearchOrder:=xlByRows, MatchCase:=False
Selection.Replace What:="James* Knox*", Replacement:="James Knox (GBr) Deceuninck-QuickStep", LookAt:=xlWhole, SearchOrder:=xlByRows, MatchCase:=False
Selection.Replace What:="Yves* Lampaert*", Replacement:="Yves Lampaert (Bel) Deceuninck-QuickStep", LookAt:=xlWhole, SearchOrder:=xlByRows, MatchCase:=False
Selection.Replace What:="Davide* Martinelli*", Replacement:="Davide Martinelli (Ita) Deceuninck-QuickStep", LookAt:=xlWhole, SearchOrder:=xlByRows, MatchCase:=False
Selection.Replace What:="Enric* Mas*", Replacement:="Enric Mas Nicolau (Spa) Deceuninck-QuickStep", LookAt:=xlWhole, SearchOrder:=xlByRows, MatchCase:=False
Selection.Replace What:="Michael* M?rk?v*", Replacement:="Michael Mørkøv (Den) Deceuninck-QuickStep", LookAt:=xlWhole, SearchOrder:=xlByRows, MatchCase:=False
Selection.Replace What:="Maximiliano* Richeze*", Replacement:="Maximiliano Ariel Richeze (Arg) Deceuninck-QuickStep", LookAt:=xlWhole, SearchOrder:=xlByRows, MatchCase:=False
Selection.Replace What:="Fabio* Sabatini*", Replacement:="Fabio Sabatini (Ita) Deceuninck-QuickStep", LookAt:=xlWhole, SearchOrder:=xlByRows, MatchCase:=False
Selection.Replace What:="Florian* Senechal*", Replacement:="Florian Senechal (Fra) Deceuninck-QuickStep", LookAt:=xlWhole, SearchOrder:=xlByRows, MatchCase:=False
Selection.Replace What:="Pieter* Serry*", Replacement:="Pieter Serry (Bel) Deceuninck-QuickStep", LookAt:=xlWhole, SearchOrder:=xlByRows, MatchCase:=False
Selection.Replace What:="Elia* Viviani*", Replacement:="Elia Viviani (Ita) Deceuninck-QuickStep", LookAt:=xlWhole, SearchOrder:=xlByRows, MatchCase:=False
Selection.Replace What:="Sean* Bennett*", Replacement:="Sean Bennett (USA) EF Education First", LookAt:=xlWhole, SearchOrder:=xlByRows, MatchCase:=False
Selection.Replace What:="Alberto* Bettiol*", Replacement:="Alberto Bettiol (Ita) EF Education First", LookAt:=xlWhole, SearchOrder:=xlByRows, MatchCase:=False
Selection.Replace What:="Matti* Breschel*", Replacement:="Matti Breschel (Den) EF Education First", LookAt:=xlWhole, SearchOrder:=xlByRows, MatchCase:=False
Selection.Replace What:="Nathan* Brown*", Replacement:="Nathan Brown (USA) EF Education First", LookAt:=xlWhole, SearchOrder:=xlByRows, MatchCase:=False
Selection.Replace What:="Jonathan* Caicedo*", Replacement:="Jonathan Caicedo (Ecu) EF Education First", LookAt:=xlWhole, SearchOrder:=xlByRows, MatchCase:=False
Selection.Replace What:="Hugh* Carthy*", Replacement:="Hugh John Carthy (GBr) EF Education First", LookAt:=xlWhole, SearchOrder:=xlByRows, MatchCase:=False
Selection.Replace What:="Simon* Clarke*", Replacement:="Simon Clarke (Aus) EF Education First", LookAt:=xlWhole, SearchOrder:=xlByRows, MatchCase:=False
Selection.Replace What:="*Lawson* Craddock*", Replacement:="G Lawson Craddock (USA) EF Education First", LookAt:=xlWhole, SearchOrder:=xlByRows, MatchCase:=False
Selection.Replace What:="Mitchell* Docker*", Replacement:="Mitchell Docker (Aus) EF Education First", LookAt:=xlWhole, SearchOrder:=xlByRows, MatchCase:=False
Selection.Replace What:="Joseph* Dombrowski*", Replacement:="Joseph Lloyd Dombrowski (USA) EF Education First", LookAt:=xlWhole, SearchOrder:=xlByRows, MatchCase:=False
Selection.Replace What:="Moreno* Hofland*", Replacement:="Moreno Hofland (Ned) EF Education First", LookAt:=xlWhole, SearchOrder:=xlByRows, MatchCase:=False
Selection.Replace What:="Alex* Howes*", Replacement:="Alex Howes (USA) EF Education First", LookAt:=xlWhole, SearchOrder:=xlByRows, MatchCase:=False
Selection.Replace What:="Tanel* Kangert*", Replacement:="Tanel Kangert (Est) EF Education First", LookAt:=xlWhole, SearchOrder:=xlByRows, MatchCase:=False
Selection.Replace What:="Sebastian* Langeveld*", Replacement:="Sebastian Langeveld (Ned) EF Education First", LookAt:=xlWhole, SearchOrder:=xlByRows, MatchCase:=False
Selection.Replace What:="Daniel* Martinez*", Replacement:="Daniel Felipe Martinez Poveda (Col) EF Education First", LookAt:=xlWhole, SearchOrder:=xlByRows, MatchCase:=False
Selection.Replace What:="Daniel* Mclay*", Replacement:="Daniel Mclay (GBr) EF Education First", LookAt:=xlWhole, SearchOrder:=xlByRows, MatchCase:=False
Selection.Replace What:="Sacha* Modolo*", Replacement:="Sacha Modolo (Ita) EF Education First", LookAt:=xlWhole, SearchOrder:=xlByRows, MatchCase:=False
Selection.Replace What:="Lachlan* Morton*", Replacement:="Lachlan Morton (Aus) EF Education First", LookAt:=xlWhole, SearchOrder:=xlByRows, MatchCase:=False
Selection.Replace What:="Logan* Owen*", Replacement:="Logan Owen (USA) EF Education First", LookAt:=xlWhole, SearchOrder:=xlByRows, MatchCase:=False
Selection.Replace What:="Taylor* Phinney*", Replacement:="Taylor Phinney (USA) EF Education First", LookAt:=xlWhole, SearchOrder:=xlByRows, MatchCase:=False
Selection.Replace What:="Tom* Scully*", Replacement:="Tom Scully (NZl) EF Education First", LookAt:=xlWhole, SearchOrder:=xlByRows, MatchCase:=False
Selection.Replace What:="Rigoberto* Uran*", Replacement:="Rigoberto Uran (Col) EF Education First", LookAt:=xlWhole, SearchOrder:=xlByRows, MatchCase:=False
Selection.Replace What:="Julius* van den Berg*", Replacement:="Julius van den Berg (Ned) EF Education First", LookAt:=xlWhole, SearchOrder:=xlByRows, MatchCase:=False
Selection.Replace What:="Tejay* Van Garderen*", Replacement:="Tejay Van Garderen (USA) EF Education First", LookAt:=xlWhole, SearchOrder:=xlByRows, MatchCase:=False
Selection.Replace What:="Sep* Vanmarcke*", Replacement:="Sep Vanmarcke (Bel) EF Education First", LookAt:=xlWhole, SearchOrder:=xlByRows, MatchCase:=False
Selection.Replace What:="James* Whelan*", Replacement:="James Whelan (Aus) EF Education First", LookAt:=xlWhole, SearchOrder:=xlByRows, MatchCase:=False
Selection.Replace What:="Michael* Woods*", Replacement:="Michael Woods (Can) EF Education First", LookAt:=xlWhole, SearchOrder:=xlByRows, MatchCase:=False
Selection.Replace What:="Bruno* Armirail*", Replacement:="Bruno Armirail (Fra) Groupama-FDJ", LookAt:=xlWhole, SearchOrder:=xlByRows, MatchCase:=False
Selection.Replace What:="William* Bonnet*", Replacement:="William Bonnet (Fra) Groupama-FDJ", LookAt:=xlWhole, SearchOrder:=xlByRows, MatchCase:=False
Selection.Replace What:="Mickael* Delage*", Replacement:="Mickael Delage (Fra) Groupama-FDJ", LookAt:=xlWhole, SearchOrder:=xlByRows, MatchCase:=False
Selection.Replace What:="Arnaud* Demare*", Replacement:="Arnaud Demare (Fra) Groupama-FDJ", LookAt:=xlWhole, SearchOrder:=xlByRows, MatchCase:=False
Selection.Replace What:="Antoine* Duchesne*", Replacement:="Antoine Duchesne (Can) Groupama-FDJ", LookAt:=xlWhole, SearchOrder:=xlByRows, MatchCase:=False
Selection.Replace What:="Kilian* Frankiny*", Replacement:="Kilian Frankiny (Swi) Groupama-FDJ", LookAt:=xlWhole, SearchOrder:=xlByRows, MatchCase:=False
Selection.Replace What:="David* Gaudu*", Replacement:="David Gaudu (Fra) Groupama-FDJ", LookAt:=xlWhole, SearchOrder:=xlByRows, MatchCase:=False
Selection.Replace What:="Jacopo* Guarnieri*", Replacement:="Jacopo Guarnieri (Ita) Groupama-FDJ", LookAt:=xlWhole, SearchOrder:=xlByRows, MatchCase:=False
Selection.Replace What:="Daniel* Hoelgaard*", Replacement:="Daniel Hoelgaard (Nor) Groupama-FDJ", LookAt:=xlWhole, SearchOrder:=xlByRows, MatchCase:=False
Selection.Replace What:="Ignatas* Konovalovas*", Replacement:="Ignatas Konovalovas (Ltu) Groupama-FDJ", LookAt:=xlWhole, SearchOrder:=xlByRows, MatchCase:=False
Selection.Replace What:="Stefan* K?ng*", Replacement:="Stefan Küng (Swi) Groupama-FDJ", LookAt:=xlWhole, SearchOrder:=xlByRows, MatchCase:=False
Selection.Replace What:="Matthieu* Ladagnous*", Replacement:="Matthieu Ladagnous (Fra) Groupama-FDJ", LookAt:=xlWhole, SearchOrder:=xlByRows, MatchCase:=False
Selection.Replace What:="Olivier* Le Gac*", Replacement:="Olivier Le Gac (Fra) Groupama-FDJ", LookAt:=xlWhole, SearchOrder:=xlByRows, MatchCase:=False
Selection.Replace What:="Tobias* Ludvigsson*", Replacement:="Tobias Ludvigsson (Swe) Groupama-FDJ", LookAt:=xlWhole, SearchOrder:=xlByRows, MatchCase:=False
Selection.Replace What:="Valentin* Madouas*", Replacement:="Valentin Madouas (Fra) Groupama-FDJ", LookAt:=xlWhole, SearchOrder:=xlByRows, MatchCase:=False
Selection.Replace What:="Rudy* Molard*", Replacement:="Rudy Molard (Fra) Groupama-FDJ", LookAt:=xlWhole, SearchOrder:=xlByRows, MatchCase:=False
Selection.Replace What:="Steve* Morabito*", Replacement:="Steve Morabito (Swi) Groupama-FDJ", LookAt:=xlWhole, SearchOrder:=xlByRows, MatchCase:=False
Selection.Replace What:="Thibaut* Pinot*", Replacement:="Thibaut Pinot (Fra) Groupama-FDJ", LookAt:=xlWhole, SearchOrder:=xlByRows, MatchCase:=False
Selection.Replace What:="Georg* Preidler*", Replacement:="Georg Preidler (Aut) Groupama-FDJ", LookAt:=xlWhole, SearchOrder:=xlByRows, MatchCase:=False
Selection.Replace What:="S?bastien* Reichenbach*", Replacement:="Sébastien Reichenbach (Swi) Groupama-FDJ", LookAt:=xlWhole, SearchOrder:=xlByRows, MatchCase:=False
Selection.Replace What:="Anthony* Roux*", Replacement:="Anthony Roux (Fra) Groupama-FDJ", LookAt:=xlWhole, SearchOrder:=xlByRows, MatchCase:=False
Selection.Replace What:="Marc* Sarreau*", Replacement:="Marc Sarreau (Fra) Groupama-FDJ", LookAt:=xlWhole, SearchOrder:=xlByRows, MatchCase:=False
Selection.Replace What:="Miles* Scotson*", Replacement:="Miles Scotson (Aus) Groupama-FDJ", LookAt:=xlWhole, SearchOrder:=xlByRows, MatchCase:=False
Selection.Replace What:="Romain* Seigle*", Replacement:="Romain Seigle (Fra) Groupama-FDJ", LookAt:=xlWhole, SearchOrder:=xlByRows, MatchCase:=False
Selection.Replace What:="Ramon* Sinkeldam*", Replacement:="Ramon Sinkeldam (Ned) Groupama-FDJ", LookAt:=xlWhole, SearchOrder:=xlByRows, MatchCase:=False
Selection.Replace What:="Benjamin* Thomas*", Replacement:="Benjamin Thomas (Fra) Groupama-FDJ", LookAt:=xlWhole, SearchOrder:=xlByRows, MatchCase:=False
Selection.Replace What:="Benoit* Vaugrenard*", Replacement:="Benoit Vaugrenard (Fra) Groupama-FDJ", LookAt:=xlWhole, SearchOrder:=xlByRows, MatchCase:=False
Selection.Replace What:="L?o* Vincent*", Replacement:="Léo Vincent (Fra) Groupama-FDJ", LookAt:=xlWhole, SearchOrder:=xlByRows, MatchCase:=False
Selection.Replace What:="Sander* Armee*", Replacement:="Sander Armee (Bel) Lotto Soudal", LookAt:=xlWhole, SearchOrder:=xlByRows, MatchCase:=False
Selection.Replace What:="Tiesj* Benoot*", Replacement:="Tiesj Benoot (Bel) Lotto Soudal", LookAt:=xlWhole, SearchOrder:=xlByRows, MatchCase:=False
Selection.Replace What:="Adam* Blythe*", Replacement:="Adam Blythe (GBr) Lotto Soudal", LookAt:=xlWhole, SearchOrder:=xlByRows, MatchCase:=False
Selection.Replace What:="Victor* Campenaerts*", Replacement:="Victor Campenaerts (Bel) Lotto Soudal", LookAt:=xlWhole, SearchOrder:=xlByRows, MatchCase:=False
Selection.Replace What:="Jasper* De Buyst*", Replacement:="Jasper De Buyst (Bel) Lotto Soudal", LookAt:=xlWhole, SearchOrder:=xlByRows, MatchCase:=False
Selection.Replace What:="Thomas* De Gendt*", Replacement:="Thomas De Gendt (Bel) Lotto Soudal", LookAt:=xlWhole, SearchOrder:=xlByRows, MatchCase:=False
Selection.Replace What:="Stan* Dewulf*", Replacement:="Stan Dewulf (Bel) Lotto Soudal", LookAt:=xlWhole, SearchOrder:=xlByRows, MatchCase:=False
Selection.Replace What:="Caleb* Ewan*", Replacement:="Caleb Ewan (Aus) Lotto Soudal", LookAt:=xlWhole, SearchOrder:=xlByRows, MatchCase:=False
Selection.Replace What:="Frederik* Frison*", Replacement:="Frederik Frison (Bel) Lotto Soudal", LookAt:=xlWhole, SearchOrder:=xlByRows, MatchCase:=False
Selection.Replace What:="Carl* Hagen*", Replacement:="Carl Fredrik Hagen (Nor) Lotto Soudal", LookAt:=xlWhole, SearchOrder:=xlByRows, MatchCase:=False
Selection.Replace What:="Adam* Hansen*", Replacement:="Adam James Hansen (Aus) Lotto Soudal", LookAt:=xlWhole, SearchOrder:=xlByRows, MatchCase:=False
Selection.Replace What:="Rasmus* Iversen*", Replacement:="Rasmus Byriel Iversen (Den) Lotto Soudal", LookAt:=xlWhole, SearchOrder:=xlByRows, MatchCase:=False
Selection.Replace What:="Jens* Keukeleire*", Replacement:="Jens Keukeleire (Bel) Lotto Soudal", LookAt:=xlWhole, SearchOrder:=xlByRows, MatchCase:=False
Selection.Replace What:="Roger* Kluge*", Replacement:="Roger Kluge (Ger) Lotto Soudal", LookAt:=xlWhole, SearchOrder:=xlByRows, MatchCase:=False
Selection.Replace What:="Bjorg* Lambrecht*", Replacement:="Bjorg Lambrecht (Bel) Lotto Soudal", LookAt:=xlWhole, SearchOrder:=xlByRows, MatchCase:=False
Selection.Replace What:="Nikolas* Maes*", Replacement:="Nikolas Maes (Bel) Lotto Soudal", LookAt:=xlWhole, SearchOrder:=xlByRows, MatchCase:=False
Selection.Replace What:="Tomasz* Marczynski*", Replacement:="Tomasz Marczynski (Pol) Lotto Soudal", LookAt:=xlWhole, SearchOrder:=xlByRows, MatchCase:=False
Selection.Replace What:="Remy* Mertz*", Replacement:="Remy Mertz (Bel) Lotto Soudal", LookAt:=xlWhole, SearchOrder:=xlByRows, MatchCase:=False
Selection.Replace What:="Maxime* Monfort*", Replacement:="Maxime Monfort (Bel) Lotto Soudal", LookAt:=xlWhole, SearchOrder:=xlByRows, MatchCase:=False
Selection.Replace What:="Lawrence* Naesen*", Replacement:="Lawrence Naesen (Bel) Lotto Soudal", LookAt:=xlWhole, SearchOrder:=xlByRows, MatchCase:=False
Selection.Replace What:="Tosh* Van Der Sande*", Replacement:="Tosh Van Der Sande (Bel) Lotto Soudal", LookAt:=xlWhole, SearchOrder:=xlByRows, MatchCase:=False
Selection.Replace What:="Brian* van Goethem*", Replacement:="Brian van Goethem (Ned) Lotto Soudal", LookAt:=xlWhole, SearchOrder:=xlByRows, MatchCase:=False
Selection.Replace What:="Jelle* Vanendert*", Replacement:="Jelle Vanendert (Bel) Lotto Soudal", LookAt:=xlWhole, SearchOrder:=xlByRows, MatchCase:=False
Selection.Replace What:="Harm* Vanhoucke*", Replacement:="Harm Vanhoucke (Bel) Lotto Soudal", LookAt:=xlWhole, SearchOrder:=xlByRows, MatchCase:=False
Selection.Replace What:="Jelle* Wallays*", Replacement:="Jelle Wallays (Bel) Lotto Soudal", LookAt:=xlWhole, SearchOrder:=xlByRows, MatchCase:=False
Selection.Replace What:="Tim* Wellens*", Replacement:="Tim Wellens (Bel) Lotto Soudal", LookAt:=xlWhole, SearchOrder:=xlByRows, MatchCase:=False
Selection.Replace What:="Enzo* Wouters*", Replacement:="Enzo Wouters (Bel) Lotto Soudal", LookAt:=xlWhole, SearchOrder:=xlByRows, MatchCase:=False
Selection.Replace What:="Andrey* Amador*", Replacement:="Andrey Amador (CRc) Movistar Team", LookAt:=xlWhole, SearchOrder:=xlByRows, MatchCase:=False
Selection.Replace What:="Winner* Anacona*", Replacement:="Winner Andrew Anacona (Col) Movistar Team", LookAt:=xlWhole, SearchOrder:=xlByRows, MatchCase:=False
Selection.Replace What:="Jorge* Arcas*", Replacement:="Jorge Arcas (Spa) Movistar Team", LookAt:=xlWhole, SearchOrder:=xlByRows, MatchCase:=False
Selection.Replace What:="Carlos* Barbero*", Replacement:="Carlos Barbero (Spa) Movistar Team", LookAt:=xlWhole, SearchOrder:=xlByRows, MatchCase:=False
Selection.Replace What:="Daniele* Bennati*", Replacement:="Daniele Bennati (Ita) Movistar Team", LookAt:=xlWhole, SearchOrder:=xlByRows, MatchCase:=False
Selection.Replace What:="Carlos* Betancur*", Replacement:="Carlos Betancur (Col) Movistar Team", LookAt:=xlWhole, SearchOrder:=xlByRows, MatchCase:=False
Selection.Replace What:="Richard* Carapaz*", Replacement:="Richard Carapaz (Ecu) Movistar Team", LookAt:=xlWhole, SearchOrder:=xlByRows, MatchCase:=False
Selection.Replace What:="Hector* Carretero*", Replacement:="Hector Carretero (Spa) Movistar Team", LookAt:=xlWhole, SearchOrder:=xlByRows, MatchCase:=False
Selection.Replace What:="Jaime* Castrillo*", Replacement:="Jaime Castrillo Zapater (Spa) Movistar Team", LookAt:=xlWhole, SearchOrder:=xlByRows, MatchCase:=False
Selection.Replace What:="Imanol* Erviti*", Replacement:="Imanol Erviti (Spa) Movistar Team", LookAt:=xlWhole, SearchOrder:=xlByRows, MatchCase:=False
Selection.Replace What:="Ruben* Fernandez*", Replacement:="Ruben Fernandez (Spa) Movistar Team", LookAt:=xlWhole, SearchOrder:=xlByRows, MatchCase:=False
Selection.Replace What:="Mikel* Landa*", Replacement:="Mikel Landa Meana (Spa) Movistar Team", LookAt:=xlWhole, SearchOrder:=xlByRows, MatchCase:=False
Selection.Replace What:="Luis* Mas*", Replacement:="Luis Guillermo Mas Bonet (Spa) Movistar Team", LookAt:=xlWhole, SearchOrder:=xlByRows, MatchCase:=False
Selection.Replace What:="Nelson* Oliveira*", Replacement:="Nelson Oliveira (Por) Movistar Team", LookAt:=xlWhole, SearchOrder:=xlByRows, MatchCase:=False
Selection.Replace What:="Antonio* Pedrero*", Replacement:="Antonio Pedrero (Spa) Movistar Team", LookAt:=xlWhole, SearchOrder:=xlByRows, MatchCase:=False
Selection.Replace What:="Eduard* Prades*", Replacement:="Eduard Prades Reverter (Spa) Movistar Team", LookAt:=xlWhole, SearchOrder:=xlByRows, MatchCase:=False
Selection.Replace What:="Nairo* Quintana*", Replacement:="Nairo Quintana (Col) Movistar Team", LookAt:=xlWhole, SearchOrder:=xlByRows, MatchCase:=False
Selection.Replace What:="Jurgen* Roelandts*", Replacement:="Jurgen Roelandts (Bel) Movistar Team", LookAt:=xlWhole, SearchOrder:=xlByRows, MatchCase:=False
Selection.Replace What:="Jos?* Rojas*", Replacement:="José Rojas (Spa) Movistar Team", LookAt:=xlWhole, SearchOrder:=xlByRows, MatchCase:=False
Selection.Replace What:="Jaime* Roson*", Replacement:="Jaime Roson Garcia (Spa) Movistar Team", LookAt:=xlWhole, SearchOrder:=xlByRows, MatchCase:=False
Selection.Replace What:="Eduardo* Sepulveda*", Replacement:="Eduardo Sepulveda (Arg) Movistar Team", LookAt:=xlWhole, SearchOrder:=xlByRows, MatchCase:=False
Selection.Replace What:="Marc* Soler*", Replacement:="Marc Soler (Spa) Movistar Team", LookAt:=xlWhole, SearchOrder:=xlByRows, MatchCase:=False
Selection.Replace What:="Jasha* S?tterlin*", Replacement:="Jasha Sütterlin (Ger) Movistar Team", LookAt:=xlWhole, SearchOrder:=xlByRows, MatchCase:=False
Selection.Replace What:="Rafael* Valls*", Replacement:="Rafael Valls Ferri (Spa) Movistar Team", LookAt:=xlWhole, SearchOrder:=xlByRows, MatchCase:=False
Selection.Replace What:="Alejandro* Valverde*", Replacement:="Alejandro Valverde (Spa) Movistar Team", LookAt:=xlWhole, SearchOrder:=xlByRows, MatchCase:=False
Selection.Replace What:="Carlos* Verona*", Replacement:="Carlos Verona (Spa) Movistar Team", LookAt:=xlWhole, SearchOrder:=xlByRows, MatchCase:=False
Selection.Replace What:="Luka* Mezgec*", Replacement:="Luka Mezgec (Slo) Mitchelton-Scott", LookAt:=xlWhole, SearchOrder:=xlByRows, MatchCase:=False
Selection.Replace What:="Edoardo* Affini*", Replacement:="Edoardo Affini (Ita) Mitchelton-Scott", LookAt:=xlWhole, SearchOrder:=xlByRows, MatchCase:=False
Selection.Replace What:="Michael* Albasini*", Replacement:="Michael Albasini (Swi) Mitchelton-Scott", LookAt:=xlWhole, SearchOrder:=xlByRows, MatchCase:=False
Selection.Replace What:="Jack* Bauer*", Replacement:="Jack Bauer (NZl) Mitchelton-Scott", LookAt:=xlWhole, SearchOrder:=xlByRows, MatchCase:=False
Selection.Replace What:="Sam* Bewley*", Replacement:="Sam Bewley (NZl) Mitchelton-Scott", LookAt:=xlWhole, SearchOrder:=xlByRows, MatchCase:=False
Selection.Replace What:="Brent* Bookwalter*", Replacement:="Brent Bookwalter (USA) Mitchelton-Scott", LookAt:=xlWhole, SearchOrder:=xlByRows, MatchCase:=False
Selection.Replace What:="*Esteban* Chaves*", Replacement:="Jhoan Esteban Chaves Rubio (Col) Mitchelton-Scott", LookAt:=xlWhole, SearchOrder:=xlByRows, MatchCase:=False
Selection.Replace What:="Luke* Durbridge*", Replacement:="Luke Durbridge (Aus) Mitchelton-Scott", LookAt:=xlWhole, SearchOrder:=xlByRows, MatchCase:=False
Selection.Replace What:="Alexander* Edmondson*", Replacement:="Alexander Edmondson (Aus) Mitchelton-Scott", LookAt:=xlWhole, SearchOrder:=xlByRows, MatchCase:=False
Selection.Replace What:="Tsgabu* Grmay*", Replacement:="Tsgabu Gebremaryam Grmay (Eth) Mitchelton-Scott", LookAt:=xlWhole, SearchOrder:=xlByRows, MatchCase:=False
Selection.Replace What:="Jack* Haig*", Replacement:="Jack Haig (Aus) Mitchelton-Scott", LookAt:=xlWhole, SearchOrder:=xlByRows, MatchCase:=False
Selection.Replace What:="Lucas* Hamilton*", Replacement:="Lucas Hamilton (Aus) Mitchelton-Scott", LookAt:=xlWhole, SearchOrder:=xlByRows, MatchCase:=False
Selection.Replace What:="Mathew* Hayman*", Replacement:="Mathew Hayman (Aus) Mitchelton-Scott", LookAt:=xlWhole, SearchOrder:=xlByRows, MatchCase:=False
Selection.Replace What:="Michael* Hepburn*", Replacement:="Michael Hepburn (Aus) Mitchelton-Scott", LookAt:=xlWhole, SearchOrder:=xlByRows, MatchCase:=False
Selection.Replace What:="Damien* Howson*", Replacement:="Damien Howson (Aus) Mitchelton-Scott", LookAt:=xlWhole, SearchOrder:=xlByRows, MatchCase:=False
Selection.Replace What:="Daryl* Impey*", Replacement:="Daryl Impey (RSA) Mitchelton-Scott", LookAt:=xlWhole, SearchOrder:=xlByRows, MatchCase:=False
Selection.Replace What:="Christopher* Juul Jensen*", Replacement:="Christopher Juul Jensen (Den) Mitchelton-Scott", LookAt:=xlWhole, SearchOrder:=xlByRows, MatchCase:=False
Selection.Replace What:="Cameron* Meyer*", Replacement:="Cameron Meyer (Aus) Mitchelton-Scott", LookAt:=xlWhole, SearchOrder:=xlByRows, MatchCase:=False
Selection.Replace What:="Mikel* Nieve*", Replacement:="Mikel Nieve Iturralde (Spa) Mitchelton-Scott", LookAt:=xlWhole, SearchOrder:=xlByRows, MatchCase:=False
Selection.Replace What:="Nicholas* Schultz*", Replacement:="Nicholas Schultz (Aus) Mitchelton-Scott", LookAt:=xlWhole, SearchOrder:=xlByRows, MatchCase:=False
Selection.Replace What:="Callum* Scotson*", Replacement:="Callum Scotson (Aus) Mitchelton-Scott", LookAt:=xlWhole, SearchOrder:=xlByRows, MatchCase:=False
Selection.Replace What:="Dion* Smith*", Replacement:="Dion Smith (NZl) Mitchelton-Scott", LookAt:=xlWhole, SearchOrder:=xlByRows, MatchCase:=False
Selection.Replace What:="Robert* Stannard*", Replacement:="Robert Stannard (Aus) Mitchelton-Scott", LookAt:=xlWhole, SearchOrder:=xlByRows, MatchCase:=False
Selection.Replace What:="Matteo* Trentin*", Replacement:="Matteo Trentin (Ita) Mitchelton-Scott", LookAt:=xlWhole, SearchOrder:=xlByRows, MatchCase:=False
Selection.Replace What:="Adam* Yates*", Replacement:="Adam Yates (GBr) Mitchelton-Scott", LookAt:=xlWhole, SearchOrder:=xlByRows, MatchCase:=False
Selection.Replace What:="Simon* Yates*", Replacement:="Simon Philip Yates (GBr) Mitchelton-Scott", LookAt:=xlWhole, SearchOrder:=xlByRows, MatchCase:=False
Selection.Replace What:="Leonardo* Basso*", Replacement:="Leonardo Basso (Ita) Team Sky", LookAt:=xlWhole, SearchOrder:=xlByRows, MatchCase:=False
Selection.Replace What:="Egan Arley* Bernal*", Replacement:="Egan Arley Bernal Gomez (Col) Team Sky", LookAt:=xlWhole, SearchOrder:=xlByRows, MatchCase:=False
Selection.Replace What:="Jonathan* Castroviejo*", Replacement:="Jonathan Castroviejo (Spa) Team Sky", LookAt:=xlWhole, SearchOrder:=xlByRows, MatchCase:=False
Selection.Replace What:="David* De La Cruz*", Replacement:="David De La Cruz Melgarejo (Spa) Team Sky", LookAt:=xlWhole, SearchOrder:=xlByRows, MatchCase:=False
Selection.Replace What:="Owain* Doull*", Replacement:="Owain Doull (GBr) Team Sky", LookAt:=xlWhole, SearchOrder:=xlByRows, MatchCase:=False
Selection.Replace What:="Edward* Dunbar*", Replacement:="Edward Dunbar (Irl) Team Sky", LookAt:=xlWhole, SearchOrder:=xlByRows, MatchCase:=False
Selection.Replace What:="Kenny* Elissonde*", Replacement:="Kenny Elissonde (Fra) Team Sky", LookAt:=xlWhole, SearchOrder:=xlByRows, MatchCase:=False
Selection.Replace What:="Chris* Froome*", Replacement:="Chris Froome (GBr) Team Sky", LookAt:=xlWhole, SearchOrder:=xlByRows, MatchCase:=False
Selection.Replace What:="Filippo* Ganna*", Replacement:="Filippo Ganna (Ita) Team Sky", LookAt:=xlWhole, SearchOrder:=xlByRows, MatchCase:=False
Selection.Replace What:="Tao* Geoghegan Hart*", Replacement:="Tao Geoghegan Hart (GBr) Team Sky", LookAt:=xlWhole, SearchOrder:=xlByRows, MatchCase:=False
Selection.Replace What:="Michal* Golas*", Replacement:="Michal Golas (Pol) Team Sky", LookAt:=xlWhole, SearchOrder:=xlByRows, MatchCase:=False
Selection.Replace What:="Kristoffer* Halvorsen*", Replacement:="Kristoffer Halvorsen (Nor) Team Sky", LookAt:=xlWhole, SearchOrder:=xlByRows, MatchCase:=False
Selection.Replace What:="Sebastian* Henao*", Replacement:="Sebastian Henao Gomez (Col) Team Sky", LookAt:=xlWhole, SearchOrder:=xlByRows, MatchCase:=False
Selection.Replace What:="Vasil* Kiryienka*", Replacement:="Vasil Kiryienka (Blr) Team Sky", LookAt:=xlWhole, SearchOrder:=xlByRows, MatchCase:=False
Selection.Replace What:="Christian* Knees*", Replacement:="Christian Knees (Ger) Team Sky", LookAt:=xlWhole, SearchOrder:=xlByRows, MatchCase:=False
Selection.Replace What:="Michal* Kwiatkowski*", Replacement:="Michal Kwiatkowski (Pol) Team Sky", LookAt:=xlWhole, SearchOrder:=xlByRows, MatchCase:=False
Selection.Replace What:="Christopher* Lawless*", Replacement:="Christopher Lawless (GBr) Team Sky", LookAt:=xlWhole, SearchOrder:=xlByRows, MatchCase:=False
Selection.Replace What:="Gianni* Moscon*", Replacement:="Gianni Moscon (Ita) Team Sky", LookAt:=xlWhole, SearchOrder:=xlByRows, MatchCase:=False
Selection.Replace What:="Jonnathan* Narvaez*", Replacement:="Jonnathan Manuel Narvaez Prado (Ecu) Team Sky", LookAt:=xlWhole, SearchOrder:=xlByRows, MatchCase:=False
Selection.Replace What:="Wout* Poels*", Replacement:="Wout Poels (Ned) Team Sky", LookAt:=xlWhole, SearchOrder:=xlByRows, MatchCase:=False
Selection.Replace What:="Salvatore* Puccio*", Replacement:="Salvatore Puccio (Ita) Team Sky", LookAt:=xlWhole, SearchOrder:=xlByRows, MatchCase:=False
Selection.Replace What:="Diego* Rosa*", Replacement:="Diego Rosa (Ita) Team Sky", LookAt:=xlWhole, SearchOrder:=xlByRows, MatchCase:=False
Selection.Replace What:="Luke* Rowe*", Replacement:="Luke Rowe (GBr) Team Sky", LookAt:=xlWhole, SearchOrder:=xlByRows, MatchCase:=False
Selection.Replace What:="Pavel* Sivakov*", Replacement:="Pavel Sivakov (Rus) Team Sky", LookAt:=xlWhole, SearchOrder:=xlByRows, MatchCase:=False
Selection.Replace What:="Ivan* Sosa*", Replacement:="Ivan Ramiro Sosa Cuervo (Col) Team Sky", LookAt:=xlWhole, SearchOrder:=xlByRows, MatchCase:=False
Selection.Replace What:="Ian* Stannard*", Replacement:="Ian Stannard (GBr) Team Sky", LookAt:=xlWhole, SearchOrder:=xlByRows, MatchCase:=False
Selection.Replace What:="Ben* Swift*", Replacement:="Ben Swift (GBr) Team Sky", LookAt:=xlWhole, SearchOrder:=xlByRows, MatchCase:=False
Selection.Replace What:="Geraint* Thomas*", Replacement:="Geraint Thomas (GBr) Team Sky", LookAt:=xlWhole, SearchOrder:=xlByRows, MatchCase:=False
Selection.Replace What:="Dylan* van Baarle*", Replacement:="Dylan van Baarle (Ned) Team Sky", LookAt:=xlWhole, SearchOrder:=xlByRows, MatchCase:=False
Selection.Replace What:="Nikias* Arndt*", Replacement:="Nikias Arndt (Ger) Team Sunweb", LookAt:=xlWhole, SearchOrder:=xlByRows, MatchCase:=False
Selection.Replace What:="Jan* Bakelants*", Replacement:="Jan Bakelants (Bel) Team Sunweb", LookAt:=xlWhole, SearchOrder:=xlByRows, MatchCase:=False
Selection.Replace What:="Cees* Bol*", Replacement:="Cees Bol (Ned) Team Sunweb", LookAt:=xlWhole, SearchOrder:=xlByRows, MatchCase:=False
Selection.Replace What:="Roy* Curvers*", Replacement:="Roy Curvers (Ned) Team Sunweb", LookAt:=xlWhole, SearchOrder:=xlByRows, MatchCase:=False
Selection.Replace What:="Tom* Dumoulin*", Replacement:="Tom Dumoulin (Ned) Team Sunweb", LookAt:=xlWhole, SearchOrder:=xlByRows, MatchCase:=False
Selection.Replace What:="Johannes* Fr?hlinger*", Replacement:="Johannes Fröhlinger (Ger) Team Sunweb", LookAt:=xlWhole, SearchOrder:=xlByRows, MatchCase:=False
Selection.Replace What:="Chad* Haga*", Replacement:="Chad Haga (USA) Team Sunweb", LookAt:=xlWhole, SearchOrder:=xlByRows, MatchCase:=False
Selection.Replace What:="Christopher* Hamilton*", Replacement:="Christopher Hamilton (Aus) Team Sunweb", LookAt:=xlWhole, SearchOrder:=xlByRows, MatchCase:=False
Selection.Replace What:="Jai* Hindley*", Replacement:="Jai Hindley (Aus) Team Sunweb", LookAt:=xlWhole, SearchOrder:=xlByRows, MatchCase:=False
Selection.Replace What:="Marc* Hirschi*", Replacement:="Marc Hirschi (Swi) Team Sunweb", LookAt:=xlWhole, SearchOrder:=xlByRows, MatchCase:=False
Selection.Replace What:="Lennard* K?mna*", Replacement:="Lennard Kämna (Ger) Team Sunweb", LookAt:=xlWhole, SearchOrder:=xlByRows, MatchCase:=False
Selection.Replace What:="Max* Kanter*", Replacement:="Max Kanter (Ger) Team Sunweb", LookAt:=xlWhole, SearchOrder:=xlByRows, MatchCase:=False
Selection.Replace What:="Wilco* Kelderman*", Replacement:="Wilco Kelderman (Ned) Team Sunweb", LookAt:=xlWhole, SearchOrder:=xlByRows, MatchCase:=False
Selection.Replace What:="Asbj?rn* Kragh Andersen*", Replacement:="Asbjørn Kragh Andersen (Den) Team Sunweb", LookAt:=xlWhole, SearchOrder:=xlByRows, MatchCase:=False
Selection.Replace What:="S?ren* Kragh Andersen*", Replacement:="Søren Kragh Andersen (Den) Team Sunweb", LookAt:=xlWhole, SearchOrder:=xlByRows, MatchCase:=False
Selection.Replace What:="Michael* Matthews*", Replacement:="Michael Matthews (Aus) Team Sunweb", LookAt:=xlWhole, SearchOrder:=xlByRows, MatchCase:=False
Selection.Replace What:="Joris* Nieuwenhuis*", Replacement:="Joris Nieuwenhuis (Ned) Team Sunweb", LookAt:=xlWhole, SearchOrder:=xlByRows, MatchCase:=False
Selection.Replace What:="Sam* Oomen*", Replacement:="Sam Oomen (Ned) Team Sunweb", LookAt:=xlWhole, SearchOrder:=xlByRows, MatchCase:=False
Selection.Replace What:="Casper* Pedersen*", Replacement:="Casper Phillip Pedersen (Den) Team Sunweb", LookAt:=xlWhole, SearchOrder:=xlByRows, MatchCase:=False
Selection.Replace What:="Rob* Power*", Replacement:="Rob Power (Aus) Team Sunweb", LookAt:=xlWhole, SearchOrder:=xlByRows, MatchCase:=False
Selection.Replace What:="Nicolas* Roche*", Replacement:="Nicolas Roche (Irl) Team Sunweb", LookAt:=xlWhole, SearchOrder:=xlByRows, MatchCase:=False
Selection.Replace What:="Michael* Storer*", Replacement:="Michael Storer (Aus) Team Sunweb", LookAt:=xlWhole, SearchOrder:=xlByRows, MatchCase:=False
Selection.Replace What:="Martijn* Tusveld*", Replacement:="Martijn Tusveld (Ned) Team Sunweb", LookAt:=xlWhole, SearchOrder:=xlByRows, MatchCase:=False
Selection.Replace What:="Louis* Vervaeke*", Replacement:="Louis Vervaeke (Bel) Team Sunweb", LookAt:=xlWhole, SearchOrder:=xlByRows, MatchCase:=False
Selection.Replace What:="Maximilian* Walscheid*", Replacement:="Maximilian Richard Walscheid (Ger) Team Sunweb", LookAt:=xlWhole, SearchOrder:=xlByRows, MatchCase:=False
Selection.Replace What:="Mark* Padun*", Replacement:="Mark Padun (Ukr) Bahrain-Merida", LookAt:=xlWhole, SearchOrder:=xlByRows, MatchCase:=False
Selection.Replace What:="Grega* Bole*", Replacement:="Grega Bole (Slo) Bahrain-Merida", LookAt:=xlWhole, SearchOrder:=xlByRows, MatchCase:=False
Selection.Replace What:="Kristijan* Koren*", Replacement:="Kristijan Koren (Slo) Bahrain-Merida", LookAt:=xlWhole, SearchOrder:=xlByRows, MatchCase:=False
Selection.Replace What:="Matej* Mohoric*", Replacement:="Matej Mohoric (Slo) Bahrain-Merida", LookAt:=xlWhole, SearchOrder:=xlByRows, MatchCase:=False
Selection.Replace What:="Domen* Novak*", Replacement:="Domen Novak (Slo) Bahrain-Merida", LookAt:=xlWhole, SearchOrder:=xlByRows, MatchCase:=False
Selection.Replace What:="Luka* Pibernik*", Replacement:="Luka Pibernik (Slo) Bahrain-Merida", LookAt:=xlWhole, SearchOrder:=xlByRows, MatchCase:=False
Selection.Replace What:="Jan* Tratnik*", Replacement:="Jan Tratnik (Slo) Bahrain-Merida", LookAt:=xlWhole, SearchOrder:=xlByRows, MatchCase:=False
Selection.Replace What:="Valerio* Agnoli*", Replacement:="Valerio Agnoli (Ita) Bahrain-Merida", LookAt:=xlWhole, SearchOrder:=xlByRows, MatchCase:=False
Selection.Replace What:="Yukiya* Arashiro*", Replacement:="Yukiya Arashiro (Jpn) Bahrain-Merida", LookAt:=xlWhole, SearchOrder:=xlByRows, MatchCase:=False
Selection.Replace What:="Phil* Bauhaus*", Replacement:="Phil Bauhaus (Ger) Bahrain-Merida", LookAt:=xlWhole, SearchOrder:=xlByRows, MatchCase:=False
Selection.Replace What:="Damiano* Caruso*", Replacement:="Damiano Caruso (Ita) Bahrain-Merida", LookAt:=xlWhole, SearchOrder:=xlByRows, MatchCase:=False
Selection.Replace What:="Sonny* Colbrelli*", Replacement:="Sonny Colbrelli (Ita) Bahrain-Merida", LookAt:=xlWhole, SearchOrder:=xlByRows, MatchCase:=False
Selection.Replace What:="Rohan* Dennis*", Replacement:="Rohan Dennis (Aus) Bahrain-Merida", LookAt:=xlWhole, SearchOrder:=xlByRows, MatchCase:=False
Selection.Replace What:="Chun* Feng*", Replacement:="Chun Kai Feng (Tpe) Bahrain-Merida", LookAt:=xlWhole, SearchOrder:=xlByRows, MatchCase:=False
Selection.Replace What:="Ivan* Garcia*", Replacement:="Ivan Garcia Cortina (Spa) Bahrain-Merida", LookAt:=xlWhole, SearchOrder:=xlByRows, MatchCase:=False
Selection.Replace What:="Andrea* Garosio*", Replacement:="Andrea Garosio (Ita) Bahrain-Merida", LookAt:=xlWhole, SearchOrder:=xlByRows, MatchCase:=False
Selection.Replace What:="Heinrich* Haussler*", Replacement:="Heinrich Haussler (Aus) Bahrain-Merida", LookAt:=xlWhole, SearchOrder:=xlByRows, MatchCase:=False
Selection.Replace What:="Antonio* Nibali*", Replacement:="Antonio Nibali (Ita) Bahrain-Merida", LookAt:=xlWhole, SearchOrder:=xlByRows, MatchCase:=False
Selection.Replace What:="Vincenzo* Nibali*", Replacement:="Vincenzo Nibali (Ita) Bahrain-Merida", LookAt:=xlWhole, SearchOrder:=xlByRows, MatchCase:=False
Selection.Replace What:="Hermann* Pernsteiner*", Replacement:="Hermann Pernsteiner (Aut) Bahrain-Merida", LookAt:=xlWhole, SearchOrder:=xlByRows, MatchCase:=False
Selection.Replace What:="Domenico* Pozzovivo*", Replacement:="Domenico Pozzovivo (Ita) Bahrain-Merida", LookAt:=xlWhole, SearchOrder:=xlByRows, MatchCase:=False
Selection.Replace What:="Marcel* Sieberg*", Replacement:="Marcel Sieberg (Ger) Bahrain-Merida", LookAt:=xlWhole, SearchOrder:=xlByRows, MatchCase:=False
Selection.Replace What:="Dylan* Teuns*", Replacement:="Dylan Teuns (Bel) Bahrain-Merida", LookAt:=xlWhole, SearchOrder:=xlByRows, MatchCase:=False
Selection.Replace What:="Meiyin* Wang*", Replacement:="Meiyin Wang (Chn) Bahrain-Merida", LookAt:=xlWhole, SearchOrder:=xlByRows, MatchCase:=False
Selection.Replace What:="Stephen* Williams*", Replacement:="Stephen Williams (GBr) Bahrain-Merida", LookAt:=xlWhole, SearchOrder:=xlByRows, MatchCase:=False
Selection.Replace What:="Roman* Kreuziger*", Replacement:="Roman Kreuziger (Cze) Dimension Data", LookAt:=xlWhole, SearchOrder:=xlByRows, MatchCase:=False
Selection.Replace What:="Lars* Bak Ytting*", Replacement:="Lars Bak Ytting (Den) Dimension Data", LookAt:=xlWhole, SearchOrder:=xlByRows, MatchCase:=False
Selection.Replace What:="Mark* Cavendish*", Replacement:="Mark Cavendish (GBr) Dimension Data", LookAt:=xlWhole, SearchOrder:=xlByRows, MatchCase:=False
Selection.Replace What:="Stephen* Cummings*", Replacement:="Stephen Cummings (GBr) Dimension Data", LookAt:=xlWhole, SearchOrder:=xlByRows, MatchCase:=False
Selection.Replace What:="Scott* Davies*", Replacement:="Scott Davies (GBr) Dimension Data", LookAt:=xlWhole, SearchOrder:=xlByRows, MatchCase:=False
Selection.Replace What:="Stefan* De Bod*", Replacement:="Stefan De Bod (RSA) Dimension Data", LookAt:=xlWhole, SearchOrder:=xlByRows, MatchCase:=False
Selection.Replace What:="Nicholas* Dlamini*", Replacement:="Nicholas Dlamini (RSA) Dimension Data", LookAt:=xlWhole, SearchOrder:=xlByRows, MatchCase:=False
Selection.Replace What:="Bernhard* Eisel*", Replacement:="Bernhard Eisel (Aut) Dimension Data", LookAt:=xlWhole, SearchOrder:=xlByRows, MatchCase:=False
Selection.Replace What:="Enrico* Gasparotto*", Replacement:="Enrico Gasparotto (Ita) Dimension Data", LookAt:=xlWhole, SearchOrder:=xlByRows, MatchCase:=False
Selection.Replace What:="Amanuel* Ghebreigzabhier*", Replacement:="Amanuel Ghebreigzabhier Werkilul (Eri) Dimension Data", LookAt:=xlWhole, SearchOrder:=xlByRows, MatchCase:=False
Selection.Replace What:="Ryan* Gibbons*", Replacement:="Ryan Gibbons (RSA) Dimension Data", LookAt:=xlWhole, SearchOrder:=xlByRows, MatchCase:=False
Selection.Replace What:="Edvald Boasson* Hagen*", Replacement:="Edvald Boasson Hagen (Nor) Dimension Data", LookAt:=xlWhole, SearchOrder:=xlByRows, MatchCase:=False
Selection.Replace What:="Jacques* Janse Van Rensburg*", Replacement:="Jacques Willem Janse Van Rensburg (RSA) Dimension Data", LookAt:=xlWhole, SearchOrder:=xlByRows, MatchCase:=False
Selection.Replace What:="Reinardt* Janse Van Rensburg*", Replacement:="Reinardt Janse Van Rensburg (RSA) Dimension Data", LookAt:=xlWhole, SearchOrder:=xlByRows, MatchCase:=False
Selection.Replace What:="Benjamin* King*", Replacement:="Benjamin King (USA) Dimension Data", LookAt:=xlWhole, SearchOrder:=xlByRows, MatchCase:=False
Selection.Replace What:="Gino* M?der*", Replacement:="Gino Mäder (Swi) Dimension Data", LookAt:=xlWhole, SearchOrder:=xlByRows, MatchCase:=False
Selection.Replace What:="Louis* Meintjes*", Replacement:="Louis Meintjes (RSA) Dimension Data", LookAt:=xlWhole, SearchOrder:=xlByRows, MatchCase:=False
Selection.Replace What:="Giacomo* Nizzolo*", Replacement:="Giacomo Nizzolo (Ita) Dimension Data", LookAt:=xlWhole, SearchOrder:=xlByRows, MatchCase:=False
Selection.Replace What:="Ben* O'Connor*", Replacement:="Ben O'Connor (Aus) Dimension Data", LookAt:=xlWhole, SearchOrder:=xlByRows, MatchCase:=False
Selection.Replace What:="Mark* Renshaw*", Replacement:="Mark Renshaw (Aus) Dimension Data", LookAt:=xlWhole, SearchOrder:=xlByRows, MatchCase:=False
Selection.Replace What:="Tom?Jelte* Slagter*", Replacement:="Tom-Jelte Slagter (Ned) Dimension Data", LookAt:=xlWhole, SearchOrder:=xlByRows, MatchCase:=False
Selection.Replace What:="Jay* Thomson*", Replacement:="Jay Robert Thomson (RSA) Dimension Data", LookAt:=xlWhole, SearchOrder:=xlByRows, MatchCase:=False
Selection.Replace What:="Rasmus Fossum* Tiller*", Replacement:="Rasmus Fossum Tiller (Nor) Dimension Data", LookAt:=xlWhole, SearchOrder:=xlByRows, MatchCase:=False
Selection.Replace What:="Michael* Valgren Andersen*", Replacement:="Michael Valgren Andersen (Den) Dimension Data", LookAt:=xlWhole, SearchOrder:=xlByRows, MatchCase:=False
Selection.Replace What:="Jaco* Venter*", Replacement:="Jaco Venter (RSA) Dimension Data", LookAt:=xlWhole, SearchOrder:=xlByRows, MatchCase:=False
Selection.Replace What:="Julien* Vermote*", Replacement:="Julien Vermote (Bel) Dimension Data", LookAt:=xlWhole, SearchOrder:=xlByRows, MatchCase:=False
Selection.Replace What:="Danilo* Wyss*", Replacement:="Danilo Wyss (Swi) Dimension Data", LookAt:=xlWhole, SearchOrder:=xlByRows, MatchCase:=False
Selection.Replace What:="Fumiyuki* Beppu*", Replacement:="Fumiyuki Beppu (Jpn) Trek-Segafredo", LookAt:=xlWhole, SearchOrder:=xlByRows, MatchCase:=False
Selection.Replace What:="Julien* Bernard*", Replacement:="Julien Bernard (Fra) Trek-Segafredo", LookAt:=xlWhole, SearchOrder:=xlByRows, MatchCase:=False
Selection.Replace What:="Gianluca* Brambilla*", Replacement:="Gianluca Brambilla (Ita) Trek-Segafredo", LookAt:=xlWhole, SearchOrder:=xlByRows, MatchCase:=False
Selection.Replace What:="Giulio* Ciccone*", Replacement:="Giulio Ciccone (Ita) Trek-Segafredo", LookAt:=xlWhole, SearchOrder:=xlByRows, MatchCase:=False
Selection.Replace What:="William* Clarke*", Replacement:="William Clarke (Aus) Trek-Segafredo", LookAt:=xlWhole, SearchOrder:=xlByRows, MatchCase:=False
Selection.Replace What:="Nicola* Conci*", Replacement:="Nicola Conci (Ita) Trek-Segafredo", LookAt:=xlWhole, SearchOrder:=xlByRows, MatchCase:=False
Selection.Replace What:="Koen* de Kort*", Replacement:="Koen de Kort (Ned) Trek-Segafredo", LookAt:=xlWhole, SearchOrder:=xlByRows, MatchCase:=False
Selection.Replace What:="John* Degenkolb*", Replacement:="John Degenkolb (Ger) Trek-Segafredo", LookAt:=xlWhole, SearchOrder:=xlByRows, MatchCase:=False
Selection.Replace What:="Niklas* Eg*", Replacement:="Niklas Eg (Den) Trek-Segafredo", LookAt:=xlWhole, SearchOrder:=xlByRows, MatchCase:=False
Selection.Replace What:="Fabio* Felline*", Replacement:="Fabio Felline (Ita) Trek-Segafredo", LookAt:=xlWhole, SearchOrder:=xlByRows, MatchCase:=False
Selection.Replace What:="Alex* Frame*", Replacement:="Alex Frame (NZl) Trek-Segafredo", LookAt:=xlWhole, SearchOrder:=xlByRows, MatchCase:=False
Selection.Replace What:="Michael* Gogl*", Replacement:="Michael Gogl (Aut) Trek-Segafredo", LookAt:=xlWhole, SearchOrder:=xlByRows, MatchCase:=False
Selection.Replace What:="Markel* Irizar*", Replacement:="Markel Irizar Aramburu (Spa) Trek-Segafredo", LookAt:=xlWhole, SearchOrder:=xlByRows, MatchCase:=False
Selection.Replace What:="Alex* Kirsch*", Replacement:="Alex Kirsch (Lux) Trek-Segafredo", LookAt:=xlWhole, SearchOrder:=xlByRows, MatchCase:=False
Selection.Replace What:="Bauke* Mollema*", Replacement:="Bauke Mollema (Ned) Trek-Segafredo", LookAt:=xlWhole, SearchOrder:=xlByRows, MatchCase:=False
Selection.Replace What:="Matteo* Moschetti*", Replacement:="Matteo Moschetti (Ita) Trek-Segafredo", LookAt:=xlWhole, SearchOrder:=xlByRows, MatchCase:=False
Selection.Replace What:="Ryan* Mullen*", Replacement:="Ryan Mullen (Irl) Trek-Segafredo", LookAt:=xlWhole, SearchOrder:=xlByRows, MatchCase:=False
Selection.Replace What:="Jarlinson* Pantano*", Replacement:="Jarlinson Pantano Gomez (Col) Trek-Segafredo", LookAt:=xlWhole, SearchOrder:=xlByRows, MatchCase:=False
Selection.Replace What:="Mads* Pedersen*", Replacement:="Mads Pedersen (Den) Trek-Segafredo", LookAt:=xlWhole, SearchOrder:=xlByRows, MatchCase:=False
Selection.Replace What:="Richie* Porte*", Replacement:="Richie Porte (Aus) Trek-Segafredo", LookAt:=xlWhole, SearchOrder:=xlByRows, MatchCase:=False
Selection.Replace What:="Kiel* Reijnen*", Replacement:="Kiel Reijnen (USA) Trek-Segafredo", LookAt:=xlWhole, SearchOrder:=xlByRows, MatchCase:=False
Selection.Replace What:="Toms* Skujins*", Replacement:="Toms Skujins (Lat) Trek-Segafredo", LookAt:=xlWhole, SearchOrder:=xlByRows, MatchCase:=False
Selection.Replace What:="Peter* Stetina*", Replacement:="Peter Stetina (USA) Trek-Segafredo", LookAt:=xlWhole, SearchOrder:=xlByRows, MatchCase:=False
Selection.Replace What:="Jasper* Stuyven*", Replacement:="Jasper Stuyven (Bel) Trek-Segafredo", LookAt:=xlWhole, SearchOrder:=xlByRows, MatchCase:=False
Selection.Replace What:="Edward* Theuns*", Replacement:="Edward Theuns (Bel) Trek-Segafredo", LookAt:=xlWhole, SearchOrder:=xlByRows, MatchCase:=False
Selection.Replace What:="Primoz* Roglic*", Replacement:="Primoz Roglic (Slo) Team Jumbo-Visma", LookAt:=xlWhole, SearchOrder:=xlByRows, MatchCase:=False
Selection.Replace What:="George* Bennett*", Replacement:="George Bennett (NZl) Team Jumbo-Visma", LookAt:=xlWhole, SearchOrder:=xlByRows, MatchCase:=False
Selection.Replace What:="Koen* Bouwman*", Replacement:="Koen Bouwman (Ned) Team Jumbo-Visma", LookAt:=xlWhole, SearchOrder:=xlByRows, MatchCase:=False
Selection.Replace What:="Laurens* De Plus*", Replacement:="Laurens De Plus (Bel) Team Jumbo-Visma", LookAt:=xlWhole, SearchOrder:=xlByRows, MatchCase:=False
Selection.Replace What:="Floris* De Tier*", Replacement:="Floris De Tier (Bel) Team Jumbo-Visma", LookAt:=xlWhole, SearchOrder:=xlByRows, MatchCase:=False
Selection.Replace What:="Pascal* Eenkhoorn*", Replacement:="Pascal Eenkhoorn (Ned) Team Jumbo-Visma", LookAt:=xlWhole, SearchOrder:=xlByRows, MatchCase:=False
Selection.Replace What:="Robert* Gesink*", Replacement:="Robert Gesink (Ned) Team Jumbo-Visma", LookAt:=xlWhole, SearchOrder:=xlByRows, MatchCase:=False
Selection.Replace What:="Dylan* Groenewegen*", Replacement:="Dylan Groenewegen (Ned) Team Jumbo-Visma", LookAt:=xlWhole, SearchOrder:=xlByRows, MatchCase:=False
Selection.Replace What:="Lennard* Hofstede*", Replacement:="Lennard Hofstede (Ned) Team Jumbo-Visma", LookAt:=xlWhole, SearchOrder:=xlByRows, MatchCase:=False
Selection.Replace What:="Amund Gr?ndahl* Jansen*", Replacement:="Amund Grøndahl Jansen (Nor) Team Jumbo-Visma", LookAt:=xlWhole, SearchOrder:=xlByRows, MatchCase:=False
Selection.Replace What:="Steven* Kruijswijk*", Replacement:="Steven Kruijswijk (Ned) Team Jumbo-Visma", LookAt:=xlWhole, SearchOrder:=xlByRows, MatchCase:=False
Selection.Replace What:="Sepp* Kuss*", Replacement:="Sepp Kuss (USA) Team Jumbo-Visma", LookAt:=xlWhole, SearchOrder:=xlByRows, MatchCase:=False
Selection.Replace What:="Thomas* Leezer*", Replacement:="Thomas Leezer (Ned) Team Jumbo-Visma", LookAt:=xlWhole, SearchOrder:=xlByRows, MatchCase:=False
Selection.Replace What:="Bert?Jan* Lindeman*", Replacement:="Bert-Jan Lindeman (Ned) Team Jumbo-Visma", LookAt:=xlWhole, SearchOrder:=xlByRows, MatchCase:=False
Selection.Replace What:="Paul* Martens*", Replacement:="Paul Martens (Ger) Team Jumbo-Visma", LookAt:=xlWhole, SearchOrder:=xlByRows, MatchCase:=False
Selection.Replace What:="Tony* Martin*", Replacement:="Tony Martin (Ger) Team Jumbo-Visma", LookAt:=xlWhole, SearchOrder:=xlByRows, MatchCase:=False
Selection.Replace What:="Daan* Olivier*", Replacement:="Daan Olivier (Ned) Team Jumbo-Visma", LookAt:=xlWhole, SearchOrder:=xlByRows, MatchCase:=False
Selection.Replace What:="Neilson* Powless*", Replacement:="Neilson Powless (USA) Team Jumbo-Visma", LookAt:=xlWhole, SearchOrder:=xlByRows, MatchCase:=False
Selection.Replace What:="Timo* Roosen*", Replacement:="Timo Roosen (Ned) Team Jumbo-Visma", LookAt:=xlWhole, SearchOrder:=xlByRows, MatchCase:=False
Selection.Replace What:="Mike* Teunissen*", Replacement:="Mike Teunissen (Ned) Team Jumbo-Visma", LookAt:=xlWhole, SearchOrder:=xlByRows, MatchCase:=False
Selection.Replace What:="Antwan* Tolhoek*", Replacement:="Antwan Tolhoek (Ned) Team Jumbo-Visma", LookAt:=xlWhole, SearchOrder:=xlByRows, MatchCase:=False
Selection.Replace What:="Taco* van der Hoorn*", Replacement:="Taco van der Hoorn (Ned) Team Jumbo-Visma", LookAt:=xlWhole, SearchOrder:=xlByRows, MatchCase:=False
Selection.Replace What:="Jos* van Emden*", Replacement:="Jos van Emden (Ned) Team Jumbo-Visma", LookAt:=xlWhole, SearchOrder:=xlByRows, MatchCase:=False
Selection.Replace What:="Danny* van Poppel*", Replacement:="Danny van Poppel (Ned) Team Jumbo-Visma", LookAt:=xlWhole, SearchOrder:=xlByRows, MatchCase:=False
Selection.Replace What:="Jonas* Vingegaard*", Replacement:="Jonas Vingegaard (Den) Team Jumbo-Visma", LookAt:=xlWhole, SearchOrder:=xlByRows, MatchCase:=False
Selection.Replace What:="Maarten* Wynants*", Replacement:="Maarten Wynants (Bel) Team Jumbo-Visma", LookAt:=xlWhole, SearchOrder:=xlByRows, MatchCase:=False
Selection.Replace What:="Simon* Spilak*", Replacement:="Simon Spilak (Slo) Katusha-Alpecin", LookAt:=xlWhole, SearchOrder:=xlByRows, MatchCase:=False
Selection.Replace What:="Enrico* Battaglin*", Replacement:="Enrico Battaglin (Ita) Katusha-Alpecin", LookAt:=xlWhole, SearchOrder:=xlByRows, MatchCase:=False
Selection.Replace What:="Jenthe* Biermans*", Replacement:="Jenthe Biermans (Bel) Katusha-Alpecin", LookAt:=xlWhole, SearchOrder:=xlByRows, MatchCase:=False
Selection.Replace What:="Ian* Boswell*", Replacement:="Ian Boswell (USA) Katusha-Alpecin", LookAt:=xlWhole, SearchOrder:=xlByRows, MatchCase:=False
Selection.Replace What:="Steff* Cras*", Replacement:="Steff Cras (Bel) Katusha-Alpecin", LookAt:=xlWhole, SearchOrder:=xlByRows, MatchCase:=False
Selection.Replace What:="Jens* Debusschere*", Replacement:="Jens Debusschere (Bel) Katusha-Alpecin", LookAt:=xlWhole, SearchOrder:=xlByRows, MatchCase:=False
Selection.Replace What:="Alex* Dowsett*", Replacement:="Alex Dowsett (GBr) Katusha-Alpecin", LookAt:=xlWhole, SearchOrder:=xlByRows, MatchCase:=False
Selection.Replace What:="Matteo* Fabbro*", Replacement:="Matteo Fabbro (Ita) Katusha-Alpecin", LookAt:=xlWhole, SearchOrder:=xlByRows, MatchCase:=False
Selection.Replace What:="Ruben* Guerreiro*", Replacement:="Ruben Guerreiro (Por) Katusha-Alpecin", LookAt:=xlWhole, SearchOrder:=xlByRows, MatchCase:=False
Selection.Replace What:="Nathan* Haas*", Replacement:="Nathan Haas (Aus) Katusha-Alpecin", LookAt:=xlWhole, SearchOrder:=xlByRows, MatchCase:=False
Selection.Replace What:="Marco* Haller*", Replacement:="Marco Haller (Aut) Katusha-Alpecin", LookAt:=xlWhole, SearchOrder:=xlByRows, MatchCase:=False
Selection.Replace What:="Reto* Hollenstein*", Replacement:="Reto Hollenstein (Swi) Katusha-Alpecin", LookAt:=xlWhole, SearchOrder:=xlByRows, MatchCase:=False
Selection.Replace What:="Marcel* Kittel*", Replacement:="Marcel Kittel (Ger) Katusha-Alpecin", LookAt:=xlWhole, SearchOrder:=xlByRows, MatchCase:=False
Selection.Replace What:="Pavel* Kochetkov*", Replacement:="Pavel Kochetkov (Rus) Katusha-Alpecin", LookAt:=xlWhole, SearchOrder:=xlByRows, MatchCase:=False
Selection.Replace What:="Viacheslav* Kuznetsov*", Replacement:="Viacheslav Kuznetsov (Rus) Katusha-Alpecin", LookAt:=xlWhole, SearchOrder:=xlByRows, MatchCase:=False
Selection.Replace What:="Daniel* Navarro*", Replacement:="Daniel Navarro Garcia (Spa) Katusha-Alpecin", LookAt:=xlWhole, SearchOrder:=xlByRows, MatchCase:=False
Selection.Replace What:="Nils* Politt*", Replacement:="Nils Politt (Ger) Katusha-Alpecin", LookAt:=xlWhole, SearchOrder:=xlByRows, MatchCase:=False
Selection.Replace What:="Mads* Schmidt W?rtz*", Replacement:="Mads Schmidt Würtz (Den) Katusha-Alpecin", LookAt:=xlWhole, SearchOrder:=xlByRows, MatchCase:=False
Selection.Replace What:="Willem* Smit*", Replacement:="Willem Jakobus Smit (RSA) Katusha-Alpecin", LookAt:=xlWhole, SearchOrder:=xlByRows, MatchCase:=False
Selection.Replace What:="Dmitrii* Strakhov*", Replacement:="Dmitrii Strakhov (Rus) Katusha-Alpecin", LookAt:=xlWhole, SearchOrder:=xlByRows, MatchCase:=False
Selection.Replace What:="Harry* Tanfield*", Replacement:="Harry Tanfield (GBr) Katusha-Alpecin", LookAt:=xlWhole, SearchOrder:=xlByRows, MatchCase:=False
Selection.Replace What:="Rick* Zabel*", Replacement:="Rick Zabel (Ger) Katusha-Alpecin", LookAt:=xlWhole, SearchOrder:=xlByRows, MatchCase:=False
Selection.Replace What:="Ilnur* Zakarin*", Replacement:="Ilnur Zakarin (Rus) Katusha-Alpecin", LookAt:=xlWhole, SearchOrder:=xlByRows, MatchCase:=False
Selection.Replace What:="Rui* Alves*", Replacement:="Rui Filipe Alves Oliveira (Por) UAE Team Emirates", LookAt:=xlWhole, SearchOrder:=xlByRows, MatchCase:=False
Selection.Replace What:="Fabio* Aru*", Replacement:="Fabio Aru (Ita) UAE Team Emirates", LookAt:=xlWhole, SearchOrder:=xlByRows, MatchCase:=False
Selection.Replace What:="Tom* Bohli*", Replacement:="Tom Bohli (Swi) UAE Team Emirates", LookAt:=xlWhole, SearchOrder:=xlByRows, MatchCase:=False
Selection.Replace What:="Sven Erik* Bystr?m*", Replacement:="Sven Erik Bystrøm (Nor) UAE Team Emirates", LookAt:=xlWhole, SearchOrder:=xlByRows, MatchCase:=False
Selection.Replace What:="Simone* Consonni*", Replacement:="Simone Consonni (Ita) UAE Team Emirates", LookAt:=xlWhole, SearchOrder:=xlByRows, MatchCase:=False
Selection.Replace What:="Valerio* Conti*", Replacement:="Valerio Conti (Ita) UAE Team Emirates", LookAt:=xlWhole, SearchOrder:=xlByRows, MatchCase:=False
Selection.Replace What:="Rui* Costa*", Replacement:="Rui Costa (Por) UAE Team Emirates", LookAt:=xlWhole, SearchOrder:=xlByRows, MatchCase:=False
Selection.Replace What:="Kristijan* Durasek*", Replacement:="Kristijan Durasek (Cro) UAE Team Emirates", LookAt:=xlWhole, SearchOrder:=xlByRows, MatchCase:=False
Selection.Replace What:="Roberto* Ferrari*", Replacement:="Roberto Ferrari (Ita) UAE Team Emirates", LookAt:=xlWhole, SearchOrder:=xlByRows, MatchCase:=False
Selection.Replace What:="Fernando* Gaviria*", Replacement:="Fernando Gaviria Rendon (Col) UAE Team Emirates", LookAt:=xlWhole, SearchOrder:=xlByRows, MatchCase:=False
Selection.Replace What:="Sergio* Henao*", Replacement:="Sergio Luis Henao Montoya (Col) UAE Team Emirates", LookAt:=xlWhole, SearchOrder:=xlByRows, MatchCase:=False
Selection.Replace What:="Alexander* Kristoff*", Replacement:="Alexander Kristoff (Nor) UAE Team Emirates", LookAt:=xlWhole, SearchOrder:=xlByRows, MatchCase:=False
Selection.Replace What:="Vegard Stake* Laengen*", Replacement:="Vegard Stake Laengen (Nor) UAE Team Emirates", LookAt:=xlWhole, SearchOrder:=xlByRows, MatchCase:=False
Selection.Replace What:="Marco* Marcato*", Replacement:="Marco Marcato (Ita) UAE Team Emirates", LookAt:=xlWhole, SearchOrder:=xlByRows, MatchCase:=False
Selection.Replace What:="Daniel* Martin*", Replacement:="Daniel Martin (Irl) UAE Team Emirates", LookAt:=xlWhole, SearchOrder:=xlByRows, MatchCase:=False
Selection.Replace What:="Yousif* Mirza Al?Hammadi*", Replacement:="Yousif Mirza Al-Hammadi (UAE) UAE Team Emirates", LookAt:=xlWhole, SearchOrder:=xlByRows, MatchCase:=False
Selection.Replace What:="Juan* Molano*", Replacement:="Juan Sebastian Molano Benavides (Col) UAE Team Emirates", LookAt:=xlWhole, SearchOrder:=xlByRows, MatchCase:=False
Selection.Replace What:="Manuele* Mori*", Replacement:="Manuele Mori (Ita) UAE Team Emirates", LookAt:=xlWhole, SearchOrder:=xlByRows, MatchCase:=False
Selection.Replace What:="Cristian* Mu?oz*", Replacement:="Cristian Camilo Muñoz Lancheros (Col) UAE Team Emirates", LookAt:=xlWhole, SearchOrder:=xlByRows, MatchCase:=False
Selection.Replace What:="Ivo* Oliveira*", Replacement:="Ivo Oliveira (Por) UAE Team Emirates", LookAt:=xlWhole, SearchOrder:=xlByRows, MatchCase:=False
Selection.Replace What:="Simone* Petilli*", Replacement:="Simone Petilli (Ita) UAE Team Emirates", LookAt:=xlWhole, SearchOrder:=xlByRows, MatchCase:=False
Selection.Replace What:="Jasper* Philipsen*", Replacement:="Jasper Philipsen (Bel) UAE Team Emirates", LookAt:=xlWhole, SearchOrder:=xlByRows, MatchCase:=False
Selection.Replace What:="Tadej* Pogacar*", Replacement:="Tadej Pogacar (Slo) UAE Team Emirates", LookAt:=xlWhole, SearchOrder:=xlByRows, MatchCase:=False
Selection.Replace What:="Jan* Polanc*", Replacement:="Jan Polanc (Slo) UAE Team Emirates", LookAt:=xlWhole, SearchOrder:=xlByRows, MatchCase:=False
Selection.Replace What:="Edward* Ravasi*", Replacement:="Edward Ravasi (Ita) UAE Team Emirates", LookAt:=xlWhole, SearchOrder:=xlByRows, MatchCase:=False
Selection.Replace What:="Aleksandr* Riabushenko*", Replacement:="Aleksandr Riabushenko (Blr) UAE Team Emirates", LookAt:=xlWhole, SearchOrder:=xlByRows, MatchCase:=False
Selection.Replace What:="Rory* Sutherland*", Replacement:="Rory Sutherland (Aus) UAE Team Emirates", LookAt:=xlWhole, SearchOrder:=xlByRows, MatchCase:=False
Selection.Replace What:="Oliviero* Troia*", Replacement:="Oliviero Troia (Ita) UAE Team Emirates", LookAt:=xlWhole, SearchOrder:=xlByRows, MatchCase:=False
Selection.Replace What:="Diego* Ulissi*", Replacement:="Diego Ulissi (Ita) UAE Team Emirates", LookAt:=xlWhole, SearchOrder:=xlByRows, MatchCase:=False
